BEGIN;

-- Dev/test password for every seeded user: password
-- BCrypt hash generated by the local Spring PasswordEncoder.
--
-- Front/back manual test accounts:
-- - Write tab: alice.author@plumora.test / password
-- - Reader library: clara.reader@plumora.test / password
-- - Beta reading: noah.beta@plumora.test / password
-- - Admin: admin@plumora.test / password
--
-- Expected UI split:
-- - Ecrire must show only the connected author's books.
-- - Bibliotheque must show only the connected user's progress, favorites and reviews.
-- - Decouvrir can show every PUBLISHED/PUBLIC book from every author.
--
-- This reset is intentionally scoped to the demo accounts below. It makes the
-- front/back navigation tests deterministic even after manual Swagger/app tests.
CREATE TEMP TABLE seed_users_to_reset(id_user UUID PRIMARY KEY) ON COMMIT DROP;
INSERT INTO seed_users_to_reset(id_user)
VALUES
    ('10000000-0000-4000-8000-000000000001'),
    ('10000000-0000-4000-8000-000000000002'),
    ('10000000-0000-4000-8000-000000000003'),
    ('10000000-0000-4000-8000-000000000004'),
    ('10000000-0000-4000-8000-000000000005'),
    ('10000000-0000-4000-8000-000000000006'),
    ('10000000-0000-4000-8000-000000000007'),
    ('10000000-0000-4000-8000-000000000008')
ON CONFLICT (id_user) DO NOTHING;

DELETE FROM ai_recommendation_results
WHERE request_id IN (
    SELECT id_ai_recommendation_request
    FROM ai_recommendation_requests
    WHERE user_id IN (SELECT id_user FROM seed_users_to_reset)
)
OR book_id IN (
    SELECT id_book
    FROM books
    WHERE author_id IN (SELECT id_user FROM seed_users_to_reset)
);

DELETE FROM ai_recommendation_requests
WHERE user_id IN (SELECT id_user FROM seed_users_to_reset);

DELETE FROM ai_writing_suggestions
WHERE request_id IN (
    SELECT id_ai_writing_request
    FROM ai_writing_requests
    WHERE user_id IN (SELECT id_user FROM seed_users_to_reset)
);

DELETE FROM ai_writing_requests
WHERE user_id IN (SELECT id_user FROM seed_users_to_reset)
OR chapter_id IN (
    SELECT c.id_chapter
    FROM chapters c
    JOIN books b ON b.id_book = c.book_id
    WHERE b.author_id IN (SELECT id_user FROM seed_users_to_reset)
);

DELETE FROM notifications
WHERE user_id IN (SELECT id_user FROM seed_users_to_reset);

DELETE FROM reports
WHERE reporter_id IN (SELECT id_user FROM seed_users_to_reset)
OR book_id IN (
    SELECT id_book
    FROM books
    WHERE author_id IN (SELECT id_user FROM seed_users_to_reset)
);

DELETE FROM reviews
WHERE user_id IN (SELECT id_user FROM seed_users_to_reset)
OR book_id IN (
    SELECT id_book
    FROM books
    WHERE author_id IN (SELECT id_user FROM seed_users_to_reset)
);

DELETE FROM favorites
WHERE user_id IN (SELECT id_user FROM seed_users_to_reset)
OR book_id IN (
    SELECT id_book
    FROM books
    WHERE author_id IN (SELECT id_user FROM seed_users_to_reset)
);

DELETE FROM reading_progress
WHERE user_id IN (SELECT id_user FROM seed_users_to_reset)
OR book_id IN (
    SELECT id_book
    FROM books
    WHERE author_id IN (SELECT id_user FROM seed_users_to_reset)
);

DELETE FROM beta_comments
WHERE beta_reader_id IN (SELECT id_user FROM seed_users_to_reset)
OR campaign_id IN (
    SELECT id_beta_reading_campaign
    FROM beta_reading_campaigns
    WHERE author_id IN (SELECT id_user FROM seed_users_to_reset)
)
OR chapter_id IN (
    SELECT c.id_chapter
    FROM chapters c
    JOIN books b ON b.id_book = c.book_id
    WHERE b.author_id IN (SELECT id_user FROM seed_users_to_reset)
);

DELETE FROM beta_shared_chapters
WHERE campaign_id IN (
    SELECT id_beta_reading_campaign
    FROM beta_reading_campaigns
    WHERE author_id IN (SELECT id_user FROM seed_users_to_reset)
)
OR chapter_id IN (
    SELECT c.id_chapter
    FROM chapters c
    JOIN books b ON b.id_book = c.book_id
    WHERE b.author_id IN (SELECT id_user FROM seed_users_to_reset)
);

DELETE FROM beta_invitations
WHERE beta_reader_id IN (SELECT id_user FROM seed_users_to_reset)
OR campaign_id IN (
    SELECT id_beta_reading_campaign
    FROM beta_reading_campaigns
    WHERE author_id IN (SELECT id_user FROM seed_users_to_reset)
);

DELETE FROM beta_reading_campaigns
WHERE author_id IN (SELECT id_user FROM seed_users_to_reset)
OR book_id IN (
    SELECT id_book
    FROM books
    WHERE author_id IN (SELECT id_user FROM seed_users_to_reset)
);

DELETE FROM chapter_versions
WHERE created_by_user_id IN (SELECT id_user FROM seed_users_to_reset)
OR chapter_id IN (
    SELECT c.id_chapter
    FROM chapters c
    JOIN books b ON b.id_book = c.book_id
    WHERE b.author_id IN (SELECT id_user FROM seed_users_to_reset)
);

DELETE FROM books
WHERE author_id IN (SELECT id_user FROM seed_users_to_reset);

DELETE FROM user_roles
WHERE id_user IN (SELECT id_user FROM seed_users_to_reset);

WITH seed_users(id_user, firstname, lastname, username, email, bio) AS (
    VALUES
        ('10000000-0000-4000-8000-000000000001'::uuid, 'Alice', 'Morel', 'alice_author', 'alice.author@plumora.test', 'Autrice de fantasy atmospherique.'),
        ('10000000-0000-4000-8000-000000000002'::uuid, 'Bruno', 'Kassel', 'bruno_author', 'bruno.author@plumora.test', 'Auteur de thrillers courts.'),
        ('10000000-0000-4000-8000-000000000003'::uuid, 'Clara', 'Vidal', 'clara_reader', 'clara.reader@plumora.test', 'Lectrice reguliere.'),
        ('10000000-0000-4000-8000-000000000004'::uuid, 'Noah', 'Sorel', 'noah_beta', 'noah.beta@plumora.test', 'Beta-lecteur sensible au rythme.'),
        ('10000000-0000-4000-8000-000000000005'::uuid, 'Lina', 'Park', 'lina_beta', 'lina.beta@plumora.test', 'Beta-lectrice specialisee personnages.'),
        ('10000000-0000-4000-8000-000000000006'::uuid, 'Admin', 'Plumora', 'admin_plumora', 'admin@plumora.test', 'Compte admin local.')
)
INSERT INTO users (id_user, firstname, lastname, username, email, password_hash, avatar_url, bio, is_active, created_at, updated_at)
SELECT
    id_user,
    firstname,
    lastname,
    username,
    email,
    '$2a$10$hitz6ikg/grYTEyhlMlzXe2tPujxA2vHpFKU8v14gcpEWVPZrtlkm',
    'https://placehold.co/256x256?text=' || upper(left(firstname, 1)) || upper(left(lastname, 1)),
    bio,
    TRUE,
    now() - interval '20 days',
    now()
FROM seed_users
ON CONFLICT (email) DO UPDATE SET
    firstname = EXCLUDED.firstname,
    lastname = EXCLUDED.lastname,
    username = EXCLUDED.username,
    password_hash = EXCLUDED.password_hash,
    avatar_url = EXCLUDED.avatar_url,
    bio = EXCLUDED.bio,
    is_active = TRUE,
    updated_at = now();

WITH assignments(email, role_name) AS (
    VALUES
        ('alice.author@plumora.test', 'AUTHOR'),
        ('alice.author@plumora.test', 'READER'),
        ('bruno.author@plumora.test', 'AUTHOR'),
        ('clara.reader@plumora.test', 'READER'),
        ('noah.beta@plumora.test', 'READER'),
        ('noah.beta@plumora.test', 'BETA_READER'),
        ('lina.beta@plumora.test', 'READER'),
        ('lina.beta@plumora.test', 'BETA_READER'),
        ('admin@plumora.test', 'ADMIN')
)
INSERT INTO user_roles (id_user, id_role, assigned_at)
SELECT u.id_user, r.id_role, now() - interval '20 days'
FROM assignments a
JOIN users u ON u.email = a.email
JOIN roles r ON r.name = a.role_name
ON CONFLICT (id_user, id_role) DO NOTHING;

INSERT INTO books (
    id_book, author_id, title, subtitle, summary, cover_url, genre, language_code,
    status, visibility, published_at, reading_count, average_rating, created_at, updated_at
)
VALUES
    (
        '20000000-0000-4000-8000-000000000001',
        '10000000-0000-4000-8000-000000000001',
        'Les Brumes de Cendrelune',
        'Livre I',
        'Une apprentie cartographe suit des lanternes impossibles jusqu''a une cite cachee sous les brumes.',
        'uploads/book-covers/plumora-cendrelune.png',
        'Fantasy',
        'fr',
        'PUBLISHED',
        'PUBLIC',
        now() - interval '12 days',
        128,
        4.50,
        now() - interval '40 days',
        now() - interval '2 days'
    ),
    (
        '20000000-0000-4000-8000-000000000002',
        '10000000-0000-4000-8000-000000000001',
        'L''Orchestre des Ombres',
        NULL,
        'Dans un theatre abandonne, chaque morceau joue reveille un souvenir que personne ne veut retrouver.',
        'uploads/book-covers/plumora-orchestre.png',
        'Mystere',
        'fr',
        'PUBLISHED',
        'PUBLIC',
        now() - interval '5 days',
        84,
        4.50,
        now() - interval '30 days',
        now() - interval '1 day'
    ),
    (
        '20000000-0000-4000-8000-000000000003',
        '10000000-0000-4000-8000-000000000002',
        'Station Minuit',
        NULL,
        'Un agent de nuit decouvre que les voyageurs disparus prennent tous le meme train a 00:17.',
        'uploads/book-covers/plumora-station-minuit.png',
        'Thriller',
        'fr',
        'PUBLISHED',
        'PUBLIC',
        now() - interval '2 days',
        42,
        3.00,
        now() - interval '18 days',
        now() - interval '2 days'
    ),
    (
        '20000000-0000-4000-8000-000000000004',
        '10000000-0000-4000-8000-000000000001',
        'Le Jardin des Versions',
        NULL,
        'Roman en cours d''ecriture autour d''un jardin qui reecrit les souvenirs.',
        'uploads/book-covers/plumora-jardin-versions.png',
        'Fantastique',
        'fr',
        'DRAFT',
        'PRIVATE',
        NULL,
        0,
        0.00,
        now() - interval '10 days',
        now()
    ),
    (
        '20000000-0000-4000-8000-000000000005',
        '10000000-0000-4000-8000-000000000001',
        'Cartographie des Silences',
        'Version beta',
        'Une expedition traverse une zone ou chaque mensonge efface un souvenir.',
        'uploads/book-covers/plumora-silences.png',
        'Science-fiction',
        'fr',
        'IN_BETA_READING',
        'BETA_ONLY',
        NULL,
        3,
        0.00,
        now() - interval '8 days',
        now()
    )
ON CONFLICT (id_book) DO UPDATE SET
    title = EXCLUDED.title,
    subtitle = EXCLUDED.subtitle,
    summary = EXCLUDED.summary,
    cover_url = EXCLUDED.cover_url,
    genre = EXCLUDED.genre,
    language_code = EXCLUDED.language_code,
    status = EXCLUDED.status,
    visibility = EXCLUDED.visibility,
    published_at = EXCLUDED.published_at,
    reading_count = EXCLUDED.reading_count,
    average_rating = EXCLUDED.average_rating,
    updated_at = EXCLUDED.updated_at;

INSERT INTO chapters (id_chapter, book_id, title, content, chapter_order, word_count, created_at, updated_at)
VALUES
    ('30000000-0000-4000-8000-000000000001', '20000000-0000-4000-8000-000000000001', 'La carte mouillee', 'La pluie avait efface les routes, mais pas les promesses. Maelle posa la main sur la carte et la brume repondit.', 1, 23, now() - interval '39 days', now() - interval '12 days'),
    ('30000000-0000-4000-8000-000000000002', '20000000-0000-4000-8000-000000000001', 'La ville sous le verre', 'Sous la colline, les lampes flottaient comme des lunes minuscules. Aucun habitant ne semblait vieillir.', 2, 18, now() - interval '38 days', now() - interval '12 days'),
    ('30000000-0000-4000-8000-000000000003', '20000000-0000-4000-8000-000000000001', 'Le serment des passeurs', 'Les passeurs exigeaient une histoire vraie pour ouvrir le chemin. Maelle choisit celle qui lui coutait le plus.', 3, 20, now() - interval '37 days', now() - interval '11 days'),
    ('30000000-0000-4000-8000-000000000004', '20000000-0000-4000-8000-000000000002', 'Rideau noir', 'Le theatre sentait la poussiere chaude et les roses fanees. Au centre, un violon jouait sans musicien.', 1, 18, now() - interval '29 days', now() - interval '5 days'),
    ('30000000-0000-4000-8000-000000000005', '20000000-0000-4000-8000-000000000002', 'La note qui revient', 'Chaque spectateur entendait une melodie differente, mais tous pleuraient au meme moment.', 2, 15, now() - interval '28 days', now() - interval '5 days'),
    ('30000000-0000-4000-8000-000000000006', '20000000-0000-4000-8000-000000000003', 'Quai 17', 'A minuit dix-sept, le train entra sans bruit. Les panneaux annoncerent une destination impossible.', 1, 15, now() - interval '17 days', now() - interval '2 days'),
    ('30000000-0000-4000-8000-000000000007', '20000000-0000-4000-8000-000000000003', 'Le controleur', 'Le controleur connaissait le nom des morts et poinconnait les billets avec une aiguille d''argent.', 2, 16, now() - interval '16 days', now() - interval '2 days'),
    ('30000000-0000-4000-8000-000000000008', '20000000-0000-4000-8000-000000000004', 'Brouillon vivant', 'Le jardin changeait les phrases avant meme qu''Alice ne les pense.', 1, 11, now() - interval '9 days', now()),
    ('30000000-0000-4000-8000-000000000009', '20000000-0000-4000-8000-000000000005', 'Zone blanche', 'Les radios se turent ensemble. A partir de la borne rouge, chaque parole demandait un prix.', 1, 16, now() - interval '7 days', now()),
    ('30000000-0000-4000-8000-000000000010', '20000000-0000-4000-8000-000000000005', 'La caravane muette', 'Personne ne parlait dans la caravane, mais les carnets se remplissaient de phrases inconnues.', 2, 15, now() - interval '6 days', now())
ON CONFLICT (id_chapter) DO UPDATE SET
    title = EXCLUDED.title,
    content = EXCLUDED.content,
    chapter_order = EXCLUDED.chapter_order,
    word_count = EXCLUDED.word_count,
    updated_at = EXCLUDED.updated_at;

INSERT INTO chapter_versions (id_chapter_version, chapter_id, created_by_user_id, version_number, content_snapshot, created_at)
VALUES
    ('90000000-0000-4000-8000-000000000001', '30000000-0000-4000-8000-000000000001', '10000000-0000-4000-8000-000000000001', 1, 'Ancienne ouverture de Cendrelune.', now() - interval '35 days'),
    ('90000000-0000-4000-8000-000000000002', '30000000-0000-4000-8000-000000000001', '10000000-0000-4000-8000-000000000001', 2, 'La pluie avait efface les routes, mais pas les promesses.', now() - interval '12 days'),
    ('90000000-0000-4000-8000-000000000003', '30000000-0000-4000-8000-000000000009', '10000000-0000-4000-8000-000000000001', 1, 'Premiere version de la zone blanche.', now() - interval '6 days')
ON CONFLICT (id_chapter_version) DO UPDATE SET
    content_snapshot = EXCLUDED.content_snapshot,
    created_at = EXCLUDED.created_at;

INSERT INTO beta_reading_campaigns (id_beta_reading_campaign, book_id, author_id, title, instructions, deadline, status, created_at, closed_at)
VALUES
    ('40000000-0000-4000-8000-000000000001', '20000000-0000-4000-8000-000000000005', '10000000-0000-4000-8000-000000000001', 'Beta lecture - Silences', 'Merci de verifier le rythme, la clarte des regles et les personnages secondaires.', current_date + 21, 'ACTIVE', now() - interval '5 days', NULL),
    ('40000000-0000-4000-8000-000000000002', '20000000-0000-4000-8000-000000000004', '10000000-0000-4000-8000-000000000001', 'Exploration brouillon', 'Retour libre sur le concept du jardin.', current_date + 12, 'CLOSED', now() - interval '9 days', now() - interval '1 day')
ON CONFLICT (id_beta_reading_campaign) DO UPDATE SET
    title = EXCLUDED.title,
    instructions = EXCLUDED.instructions,
    deadline = EXCLUDED.deadline,
    status = EXCLUDED.status,
    closed_at = EXCLUDED.closed_at;

INSERT INTO beta_invitations (id_beta_invitation, campaign_id, beta_reader_id, status, invited_at, responded_at)
VALUES
    ('50000000-0000-4000-8000-000000000001', '40000000-0000-4000-8000-000000000001', '10000000-0000-4000-8000-000000000004', 'ACCEPTED', now() - interval '4 days', now() - interval '3 days'),
    ('50000000-0000-4000-8000-000000000002', '40000000-0000-4000-8000-000000000001', '10000000-0000-4000-8000-000000000005', 'PENDING', now() - interval '2 days', NULL),
    ('50000000-0000-4000-8000-000000000003', '40000000-0000-4000-8000-000000000002', '10000000-0000-4000-8000-000000000005', 'REFUSED', now() - interval '8 days', now() - interval '7 days')
ON CONFLICT (campaign_id, beta_reader_id) DO UPDATE SET
    status = EXCLUDED.status,
    invited_at = EXCLUDED.invited_at,
    responded_at = EXCLUDED.responded_at;

INSERT INTO beta_shared_chapters (id_beta_shared_chapter, campaign_id, chapter_id)
VALUES
    ('51000000-0000-4000-8000-000000000001', '40000000-0000-4000-8000-000000000001', '30000000-0000-4000-8000-000000000009'),
    ('51000000-0000-4000-8000-000000000002', '40000000-0000-4000-8000-000000000001', '30000000-0000-4000-8000-000000000010'),
    ('51000000-0000-4000-8000-000000000003', '40000000-0000-4000-8000-000000000002', '30000000-0000-4000-8000-000000000008')
ON CONFLICT (campaign_id, chapter_id) DO NOTHING;

INSERT INTO beta_comments (
    id_beta_comment, campaign_id, chapter_id, beta_reader_id, comment_text, selected_text,
    position_start, position_end, feedback_type, priority, status, created_at, updated_at
)
VALUES
    ('60000000-0000-4000-8000-000000000001', '40000000-0000-4000-8000-000000000001', '30000000-0000-4000-8000-000000000009', '10000000-0000-4000-8000-000000000004', 'La regle du prix des paroles est forte, mais elle arrive un peu brutalement.', 'chaque parole demandait un prix', 62, 94, 'CONTINUITY', 'HIGH', 'OPEN', now() - interval '2 days', NULL),
    ('60000000-0000-4000-8000-000000000002', '40000000-0000-4000-8000-000000000001', '30000000-0000-4000-8000-000000000010', '10000000-0000-4000-8000-000000000004', 'Tres bonne ambiance. Je ralentirais moins la scene d''arrivee de la caravane.', 'Personne ne parlait dans la caravane', 0, 36, 'PACING', 'MEDIUM', 'IN_PROGRESS', now() - interval '1 day', now() - interval '6 hours')
ON CONFLICT (id_beta_comment) DO UPDATE SET
    comment_text = EXCLUDED.comment_text,
    selected_text = EXCLUDED.selected_text,
    position_start = EXCLUDED.position_start,
    position_end = EXCLUDED.position_end,
    feedback_type = EXCLUDED.feedback_type,
    priority = EXCLUDED.priority,
    status = EXCLUDED.status,
    updated_at = EXCLUDED.updated_at;

INSERT INTO reading_progress (
    id_reading_progress, user_id, book_id, current_chapter_id, progress_percentage, started_at, last_read_at, finished_at
)
VALUES
    ('70000000-0000-4000-8000-000000000001', '10000000-0000-4000-8000-000000000003', '20000000-0000-4000-8000-000000000001', '30000000-0000-4000-8000-000000000002', 66.00, now() - interval '4 days', now() - interval '1 hour', NULL),
    ('70000000-0000-4000-8000-000000000002', '10000000-0000-4000-8000-000000000003', '20000000-0000-4000-8000-000000000002', '30000000-0000-4000-8000-000000000005', 100.00, now() - interval '8 days', now() - interval '3 days', now() - interval '3 days'),
    ('70000000-0000-4000-8000-000000000003', '10000000-0000-4000-8000-000000000004', '20000000-0000-4000-8000-000000000003', '30000000-0000-4000-8000-000000000006', 50.00, now() - interval '2 days', now() - interval '30 minutes', NULL)
ON CONFLICT (user_id, book_id) DO UPDATE SET
    current_chapter_id = EXCLUDED.current_chapter_id,
    progress_percentage = EXCLUDED.progress_percentage,
    last_read_at = EXCLUDED.last_read_at,
    finished_at = EXCLUDED.finished_at;

INSERT INTO favorites (id_favorite, user_id, book_id, created_at)
VALUES
    ('71000000-0000-4000-8000-000000000001', '10000000-0000-4000-8000-000000000003', '20000000-0000-4000-8000-000000000001', now() - interval '3 days'),
    ('71000000-0000-4000-8000-000000000002', '10000000-0000-4000-8000-000000000003', '20000000-0000-4000-8000-000000000002', now() - interval '2 days'),
    ('71000000-0000-4000-8000-000000000003', '10000000-0000-4000-8000-000000000004', '20000000-0000-4000-8000-000000000001', now() - interval '1 day')
ON CONFLICT (user_id, book_id) DO NOTHING;

INSERT INTO reviews (id_review, user_id, book_id, rating, comment, created_at, updated_at)
VALUES
    ('72000000-0000-4000-8000-000000000001', '10000000-0000-4000-8000-000000000003', '20000000-0000-4000-8000-000000000001', 5, 'Une ambiance magnifique et un univers tres lisible.', now() - interval '2 days', now() - interval '2 days'),
    ('72000000-0000-4000-8000-000000000002', '10000000-0000-4000-8000-000000000004', '20000000-0000-4000-8000-000000000001', 4, 'Tres bon debut, quelques passages descriptifs sont longs.', now() - interval '1 day', now() - interval '1 day'),
    ('72000000-0000-4000-8000-000000000003', '10000000-0000-4000-8000-000000000003', '20000000-0000-4000-8000-000000000002', 4, 'Mystere efficace, final touchant.', now() - interval '3 days', now() - interval '3 days'),
    ('72000000-0000-4000-8000-000000000004', '10000000-0000-4000-8000-000000000005', '20000000-0000-4000-8000-000000000002', 5, 'J''ai adore la musique fantome.', now() - interval '1 day', now() - interval '1 day'),
    ('72000000-0000-4000-8000-000000000005', '10000000-0000-4000-8000-000000000003', '20000000-0000-4000-8000-000000000003', 3, 'Bonne idee, rythme encore un peu froid.', now() - interval '1 day', now() - interval '1 day')
ON CONFLICT (id_review) DO UPDATE SET
    user_id = EXCLUDED.user_id,
    book_id = EXCLUDED.book_id,
    rating = EXCLUDED.rating,
    comment = EXCLUDED.comment,
    updated_at = EXCLUDED.updated_at;

UPDATE books b
SET average_rating = COALESCE(r.avg_rating, 0.00)
FROM (
    SELECT book_id, round(avg(rating)::numeric, 2) AS avg_rating
    FROM reviews
    GROUP BY book_id
) r
WHERE b.id_book = r.book_id;

INSERT INTO reports (id_report, reporter_id, book_id, reason, description, status, created_at, resolved_at)
VALUES
    ('73000000-0000-4000-8000-000000000001', '10000000-0000-4000-8000-000000000003', '20000000-0000-4000-8000-000000000003', 'Contenu a verifier', 'Le chapitre 2 contient un passage que je voudrais faire verifier par moderation.', 'OPEN', now() - interval '12 hours', NULL),
    ('73000000-0000-4000-8000-000000000002', '10000000-0000-4000-8000-000000000004', '20000000-0000-4000-8000-000000000002', 'Probleme de categorie', 'Le livre semble classe en mystere mais contient surtout du fantastique.', 'IN_REVIEW', now() - interval '2 days', NULL)
ON CONFLICT (id_report) DO UPDATE SET
    reason = EXCLUDED.reason,
    description = EXCLUDED.description,
    status = EXCLUDED.status,
    resolved_at = EXCLUDED.resolved_at;

INSERT INTO notifications (id_notification, user_id, title, message, type, is_read, created_at, read_at)
VALUES
    ('80000000-0000-4000-8000-000000000001', '10000000-0000-4000-8000-000000000004', 'Invitation a une beta-lecture', 'Vous etes invite sur Cartographie des Silences.', 'BETA_INVITATION', FALSE, now() - interval '4 days', NULL),
    ('80000000-0000-4000-8000-000000000002', '10000000-0000-4000-8000-000000000005', 'Invitation a une beta-lecture', 'Vous etes invite sur Cartographie des Silences.', 'BETA_INVITATION', FALSE, now() - interval '2 days', NULL),
    ('80000000-0000-4000-8000-000000000003', '10000000-0000-4000-8000-000000000001', 'Nouveau commentaire beta', 'Noah a laisse un commentaire sur Cartographie des Silences.', 'BETA_COMMENT_RECEIVED', FALSE, now() - interval '1 day', NULL),
    ('80000000-0000-4000-8000-000000000004', '10000000-0000-4000-8000-000000000003', 'Bienvenue sur Plumora', 'Votre bibliotheque de test est prete.', 'SYSTEM', TRUE, now() - interval '7 days', now() - interval '7 days')
ON CONFLICT (id_notification) DO UPDATE SET
    title = EXCLUDED.title,
    message = EXCLUDED.message,
    type = EXCLUDED.type,
    is_read = EXCLUDED.is_read,
    read_at = EXCLUDED.read_at;

-- Extra seed set dedicated to realistic front/back navigation tests.
-- It intentionally mixes public books, private drafts, beta-only books and archived books.

INSERT INTO users (id_user, firstname, lastname, username, email, password_hash, avatar_url, bio, is_active, created_at, updated_at)
VALUES
    (
        '10000000-0000-4000-8000-000000000007',
        'Maya',
        'Chen',
        'maya_author',
        'maya.author@plumora.test',
        '$2a$10$hitz6ikg/grYTEyhlMlzXe2tPujxA2vHpFKU8v14gcpEWVPZrtlkm',
        'https://placehold.co/256x256?text=MC',
        'Autrice de romances lumineuses et de fantasy douce.',
        TRUE,
        now() - interval '18 days',
        now()
    ),
    (
        '10000000-0000-4000-8000-000000000008',
        'Eli',
        'Roux',
        'eli_reader',
        'eli.reader@plumora.test',
        '$2a$10$hitz6ikg/grYTEyhlMlzXe2tPujxA2vHpFKU8v14gcpEWVPZrtlkm',
        'https://placehold.co/256x256?text=ER',
        'Lecteur de SF, thriller et fantasy courte.',
        TRUE,
        now() - interval '15 days',
        now()
    )
ON CONFLICT (email) DO UPDATE SET
    firstname = EXCLUDED.firstname,
    lastname = EXCLUDED.lastname,
    username = EXCLUDED.username,
    password_hash = EXCLUDED.password_hash,
    avatar_url = EXCLUDED.avatar_url,
    bio = EXCLUDED.bio,
    is_active = TRUE,
    updated_at = now();

WITH extra_assignments(email, role_name) AS (
    VALUES
        ('bruno.author@plumora.test', 'READER'),
        ('maya.author@plumora.test', 'AUTHOR'),
        ('maya.author@plumora.test', 'READER'),
        ('eli.reader@plumora.test', 'READER'),
        ('admin@plumora.test', 'READER')
)
INSERT INTO user_roles (id_user, id_role, assigned_at)
SELECT u.id_user, r.id_role, now() - interval '15 days'
FROM extra_assignments a
JOIN users u ON u.email = a.email
JOIN roles r ON r.name = a.role_name
ON CONFLICT (id_user, id_role) DO NOTHING;

INSERT INTO books (
    id_book, author_id, title, subtitle, summary, cover_url, genre, language_code,
    status, visibility, published_at, reading_count, average_rating, created_at, updated_at
)
VALUES
    (
        '20000000-0000-4000-8000-000000000006',
        '10000000-0000-4000-8000-000000000001',
        'Atlas des Lucioles',
        'Manuscrit presque pret',
        'Une jeune relieuse suit des lucioles qui revelent les villes oubliees d un atlas interdit.',
        'uploads/book-covers/plumora-atlas-lucioles.png',
        'Fantasy',
        'fr',
        'READY_TO_PUBLISH',
        'PRIVATE',
        NULL,
        0,
        0.00,
        now() - interval '14 days',
        now() - interval '2 hours'
    ),
    (
        '20000000-0000-4000-8000-000000000007',
        '10000000-0000-4000-8000-000000000001',
        'La Mer Sans Sommeil',
        NULL,
        'Sur une cote ou la mer ne dort jamais, une gardienne de phare entend les histoires que les vagues rapportent.',
        'uploads/book-covers/plumora-mer-sans-sommeil.png',
        'Aventure',
        'fr',
        'PUBLISHED',
        'PUBLIC',
        now() - interval '1 day',
        91,
        0.00,
        now() - interval '25 days',
        now() - interval '1 day'
    ),
    (
        '20000000-0000-4000-8000-000000000008',
        '10000000-0000-4000-8000-000000000001',
        'Archives de Verre',
        'Ancien manuscrit',
        'Un projet archive volontairement pour tester les ecrans auteur et admin sans l afficher dans le catalogue.',
        'uploads/book-covers/plumora-archives-verre.png',
        'Fantastique',
        'fr',
        'ARCHIVED',
        'PRIVATE',
        NULL,
        0,
        0.00,
        now() - interval '60 days',
        now() - interval '20 days'
    ),
    (
        '20000000-0000-4000-8000-000000000009',
        '10000000-0000-4000-8000-000000000002',
        'Dernier Tram pour Lumen',
        NULL,
        'Un journaliste monte dans le dernier tram de la nuit et trouve une ville qui ne figure sur aucune carte.',
        'uploads/book-covers/plumora-lumen.png',
        'Thriller',
        'fr',
        'PUBLISHED',
        'PUBLIC',
        now() - interval '3 days',
        156,
        0.00,
        now() - interval '28 days',
        now() - interval '3 days'
    ),
    (
        '20000000-0000-4000-8000-000000000010',
        '10000000-0000-4000-8000-000000000007',
        'Sous les Toits de Nacre',
        NULL,
        'Deux voisins apprennent a se connaitre dans un immeuble ou chaque toit cache une terrasse secrete.',
        'uploads/book-covers/plumora-toits-nacre.png',
        'Romance',
        'fr',
        'PUBLISHED',
        'PUBLIC',
        now() - interval '7 days',
        73,
        0.00,
        now() - interval '32 days',
        now() - interval '7 days'
    ),
    (
        '20000000-0000-4000-8000-000000000011',
        '10000000-0000-4000-8000-000000000007',
        'Manuel des Etoiles Perdues',
        'Guide pour voyageurs distraits',
        'Une apprentie astronome classe les etoiles tombees sur terre avant qu elles n oublient leur ciel.',
        'uploads/book-covers/plumora-etoiles-perdues.png',
        'Fantasy',
        'fr',
        'PUBLISHED',
        'PUBLIC',
        now() - interval '4 days',
        112,
        0.00,
        now() - interval '36 days',
        now() - interval '4 days'
    ),
    (
        '20000000-0000-4000-8000-000000000012',
        '10000000-0000-4000-8000-000000000007',
        'Carnets de Nacre',
        'Brouillon prive',
        'Notes privees de Maya pour tester que Decouvrir ne montre jamais les brouillons.',
        'uploads/book-covers/plumora-carnets-nacre.png',
        'Contemporain',
        'fr',
        'DRAFT',
        'PRIVATE',
        NULL,
        0,
        0.00,
        now() - interval '9 days',
        now() - interval '1 hour'
    )
ON CONFLICT (id_book) DO UPDATE SET
    title = EXCLUDED.title,
    subtitle = EXCLUDED.subtitle,
    summary = EXCLUDED.summary,
    cover_url = EXCLUDED.cover_url,
    genre = EXCLUDED.genre,
    language_code = EXCLUDED.language_code,
    status = EXCLUDED.status,
    visibility = EXCLUDED.visibility,
    published_at = EXCLUDED.published_at,
    reading_count = EXCLUDED.reading_count,
    average_rating = EXCLUDED.average_rating,
    updated_at = EXCLUDED.updated_at;

INSERT INTO chapters (id_chapter, book_id, title, content, chapter_order, word_count, created_at, updated_at)
VALUES
    ('30000000-0000-4000-8000-000000000011', '20000000-0000-4000-8000-000000000006', 'Les pages lumineuses', 'La reliure vibra sous les doigts d Iris. Chaque luciole semblait porter le nom d une ville disparue.', 1, 18, now() - interval '13 days', now() - interval '2 hours'),
    ('30000000-0000-4000-8000-000000000012', '20000000-0000-4000-8000-000000000006', 'Le marche des cartes', 'Au marche du matin, personne ne vendait de fruits. On y echangeait des routes et des souvenirs.', 2, 17, now() - interval '12 days', now() - interval '2 hours'),
    ('30000000-0000-4000-8000-000000000013', '20000000-0000-4000-8000-000000000007', 'Phare allume', 'Le phare gardait la cote comme une veilleuse geante. Lina entendit une voix dans l ecume.', 1, 17, now() - interval '24 days', now() - interval '1 day'),
    ('30000000-0000-4000-8000-000000000014', '20000000-0000-4000-8000-000000000007', 'Le carnet sale', 'Les pages du carnet etaient collees par le sel, mais une carte respirait encore entre deux lignes.', 2, 17, now() - interval '23 days', now() - interval '1 day'),
    ('30000000-0000-4000-8000-000000000015', '20000000-0000-4000-8000-000000000007', 'La nuit sans maree', 'Cette nuit-la, l ocean resta immobile. Les bateaux semblaient suspendus a une pensee.', 3, 15, now() - interval '22 days', now() - interval '1 day'),
    ('30000000-0000-4000-8000-000000000016', '20000000-0000-4000-8000-000000000008', 'Verre brise', 'Le dossier etait clos, mais les fragments continuaient de reflechir des scenes inachevees.', 1, 13, now() - interval '59 days', now() - interval '20 days'),
    ('30000000-0000-4000-8000-000000000017', '20000000-0000-4000-8000-000000000009', 'Terminus inconnu', 'Le tram depassa le dernier arret officiel et les neons de Lumen apparurent dans le brouillard.', 1, 17, now() - interval '27 days', now() - interval '3 days'),
    ('30000000-0000-4000-8000-000000000018', '20000000-0000-4000-8000-000000000009', 'Le passager sans ombre', 'Un homme sans ombre laissa tomber un badge de presse date du lendemain.', 2, 13, now() - interval '26 days', now() - interval '3 days'),
    ('30000000-0000-4000-8000-000000000019', '20000000-0000-4000-8000-000000000010', 'La cle du toit', 'Nora trouva la cle dans la boite aux lettres de son voisin, accompagnee d une invitation au coucher du soleil.', 1, 20, now() - interval '31 days', now() - interval '7 days'),
    ('30000000-0000-4000-8000-000000000020', '20000000-0000-4000-8000-000000000010', 'Terrasse vingt-deux', 'La terrasse etait couverte de basilic, de coussins rouges et de secrets mal gardes.', 2, 14, now() - interval '30 days', now() - interval '7 days'),
    ('30000000-0000-4000-8000-000000000021', '20000000-0000-4000-8000-000000000011', 'Inventaire du ciel', 'Chaque etoile tombee recevait une etiquette, une couverture et une promesse de retour.', 1, 15, now() - interval '35 days', now() - interval '4 days'),
    ('30000000-0000-4000-8000-000000000022', '20000000-0000-4000-8000-000000000011', 'La constellation pliee', 'La constellation tenait dans une enveloppe. Quand Maya l ouvrit, la piece devint plus vaste.', 2, 15, now() - interval '34 days', now() - interval '4 days'),
    ('30000000-0000-4000-8000-000000000023', '20000000-0000-4000-8000-000000000012', 'Note de depart', 'Brouillon prive reserve a Maya pour verifier les filtres auteur.', 1, 10, now() - interval '8 days', now() - interval '1 hour')
ON CONFLICT (id_chapter) DO UPDATE SET
    title = EXCLUDED.title,
    content = EXCLUDED.content,
    chapter_order = EXCLUDED.chapter_order,
    word_count = EXCLUDED.word_count,
    updated_at = EXCLUDED.updated_at;

INSERT INTO chapter_versions (id_chapter_version, chapter_id, created_by_user_id, version_number, content_snapshot, created_at)
VALUES
    ('90000000-0000-4000-8000-000000000004', '30000000-0000-4000-8000-000000000011', '10000000-0000-4000-8000-000000000001', 1, 'Premiere ouverture de Atlas des Lucioles.', now() - interval '12 days'),
    ('90000000-0000-4000-8000-000000000005', '30000000-0000-4000-8000-000000000011', '10000000-0000-4000-8000-000000000001', 2, 'La reliure vibra sous les doigts d Iris.', now() - interval '2 hours'),
    ('90000000-0000-4000-8000-000000000006', '30000000-0000-4000-8000-000000000023', '10000000-0000-4000-8000-000000000007', 1, 'Premiere note privee de Maya.', now() - interval '8 days')
ON CONFLICT (id_chapter_version) DO UPDATE SET
    content_snapshot = EXCLUDED.content_snapshot,
    created_at = EXCLUDED.created_at;

INSERT INTO beta_reading_campaigns (id_beta_reading_campaign, book_id, author_id, title, instructions, deadline, status, created_at, closed_at)
VALUES
    ('40000000-0000-4000-8000-000000000003', '20000000-0000-4000-8000-000000000006', '10000000-0000-4000-8000-000000000001', 'Beta lecture - Atlas', 'Merci de tester la clarte du systeme de cartes et le rythme des deux premiers chapitres.', current_date + 18, 'ACTIVE', now() - interval '2 days', NULL)
ON CONFLICT (id_beta_reading_campaign) DO UPDATE SET
    title = EXCLUDED.title,
    instructions = EXCLUDED.instructions,
    deadline = EXCLUDED.deadline,
    status = EXCLUDED.status,
    closed_at = EXCLUDED.closed_at;

INSERT INTO beta_invitations (id_beta_invitation, campaign_id, beta_reader_id, status, invited_at, responded_at)
VALUES
    ('50000000-0000-4000-8000-000000000004', '40000000-0000-4000-8000-000000000003', '10000000-0000-4000-8000-000000000004', 'ACCEPTED', now() - interval '2 days', now() - interval '1 day'),
    ('50000000-0000-4000-8000-000000000005', '40000000-0000-4000-8000-000000000003', '10000000-0000-4000-8000-000000000005', 'PENDING', now() - interval '2 days', NULL)
ON CONFLICT (campaign_id, beta_reader_id) DO UPDATE SET
    status = EXCLUDED.status,
    invited_at = EXCLUDED.invited_at,
    responded_at = EXCLUDED.responded_at;

INSERT INTO beta_shared_chapters (id_beta_shared_chapter, campaign_id, chapter_id)
VALUES
    ('51000000-0000-4000-8000-000000000004', '40000000-0000-4000-8000-000000000003', '30000000-0000-4000-8000-000000000011'),
    ('51000000-0000-4000-8000-000000000005', '40000000-0000-4000-8000-000000000003', '30000000-0000-4000-8000-000000000012')
ON CONFLICT (campaign_id, chapter_id) DO NOTHING;

INSERT INTO beta_comments (
    id_beta_comment, campaign_id, chapter_id, beta_reader_id, comment_text, selected_text,
    position_start, position_end, feedback_type, priority, status, created_at, updated_at
)
VALUES
    ('60000000-0000-4000-8000-000000000003', '40000000-0000-4000-8000-000000000003', '30000000-0000-4000-8000-000000000011', '10000000-0000-4000-8000-000000000004', 'La promesse de l atlas est tres claire. Je renforcerais juste l objectif d Iris en fin de scene.', 'Chaque luciole semblait porter le nom d une ville disparue', 35, 94, 'PLOT', 'HIGH', 'OPEN', now() - interval '12 hours', NULL),
    ('60000000-0000-4000-8000-000000000004', '40000000-0000-4000-8000-000000000003', '30000000-0000-4000-8000-000000000012', '10000000-0000-4000-8000-000000000004', 'Tres bonne image du marche. Le dialogue pourrait etre plus naturel.', 'On y echangeait des routes et des souvenirs', 70, 113, 'STYLE', 'MEDIUM', 'RESOLVED', now() - interval '9 hours', now() - interval '3 hours')
ON CONFLICT (id_beta_comment) DO UPDATE SET
    comment_text = EXCLUDED.comment_text,
    selected_text = EXCLUDED.selected_text,
    position_start = EXCLUDED.position_start,
    position_end = EXCLUDED.position_end,
    feedback_type = EXCLUDED.feedback_type,
    priority = EXCLUDED.priority,
    status = EXCLUDED.status,
    updated_at = EXCLUDED.updated_at;

INSERT INTO reading_progress (
    id_reading_progress, user_id, book_id, current_chapter_id, progress_percentage, started_at, last_read_at, finished_at
)
VALUES
    ('70000000-0000-4000-8000-000000000004', '10000000-0000-4000-8000-000000000003', '20000000-0000-4000-8000-000000000007', '30000000-0000-4000-8000-000000000013', 25.00, now() - interval '1 day', now() - interval '40 minutes', NULL),
    ('70000000-0000-4000-8000-000000000005', '10000000-0000-4000-8000-000000000003', '20000000-0000-4000-8000-000000000010', '30000000-0000-4000-8000-000000000020', 82.00, now() - interval '6 days', now() - interval '2 hours', NULL),
    ('70000000-0000-4000-8000-000000000006', '10000000-0000-4000-8000-000000000008', '20000000-0000-4000-8000-000000000003', '30000000-0000-4000-8000-000000000007', 100.00, now() - interval '10 days', now() - interval '4 days', now() - interval '4 days'),
    ('70000000-0000-4000-8000-000000000007', '10000000-0000-4000-8000-000000000008', '20000000-0000-4000-8000-000000000009', '30000000-0000-4000-8000-000000000017', 44.00, now() - interval '2 days', now() - interval '20 minutes', NULL),
    ('70000000-0000-4000-8000-000000000008', '10000000-0000-4000-8000-000000000004', '20000000-0000-4000-8000-000000000007', '30000000-0000-4000-8000-000000000014', 58.00, now() - interval '3 days', now() - interval '10 minutes', NULL),
    ('70000000-0000-4000-8000-000000000009', '10000000-0000-4000-8000-000000000008', '20000000-0000-4000-8000-000000000011', '30000000-0000-4000-8000-000000000021', 30.00, now() - interval '1 day', now() - interval '1 hour', NULL)
ON CONFLICT (user_id, book_id) DO UPDATE SET
    current_chapter_id = EXCLUDED.current_chapter_id,
    progress_percentage = EXCLUDED.progress_percentage,
    started_at = EXCLUDED.started_at,
    last_read_at = EXCLUDED.last_read_at,
    finished_at = EXCLUDED.finished_at;

INSERT INTO favorites (id_favorite, user_id, book_id, created_at)
VALUES
    ('71000000-0000-4000-8000-000000000004', '10000000-0000-4000-8000-000000000003', '20000000-0000-4000-8000-000000000007', now() - interval '1 day'),
    ('71000000-0000-4000-8000-000000000005', '10000000-0000-4000-8000-000000000003', '20000000-0000-4000-8000-000000000010', now() - interval '6 days'),
    ('71000000-0000-4000-8000-000000000006', '10000000-0000-4000-8000-000000000008', '20000000-0000-4000-8000-000000000009', now() - interval '2 days'),
    ('71000000-0000-4000-8000-000000000007', '10000000-0000-4000-8000-000000000004', '20000000-0000-4000-8000-000000000007', now() - interval '2 days'),
    ('71000000-0000-4000-8000-000000000008', '10000000-0000-4000-8000-000000000008', '20000000-0000-4000-8000-000000000011', now() - interval '1 day')
ON CONFLICT (user_id, book_id) DO NOTHING;

INSERT INTO reviews (id_review, user_id, book_id, rating, comment, created_at, updated_at)
VALUES
    ('72000000-0000-4000-8000-000000000006', '10000000-0000-4000-8000-000000000003', '20000000-0000-4000-8000-000000000007', 5, 'Tres immersif, parfait pour tester les grandes couvertures du catalogue.', now() - interval '20 hours', now() - interval '20 hours'),
    ('72000000-0000-4000-8000-000000000007', '10000000-0000-4000-8000-000000000003', '20000000-0000-4000-8000-000000000010', 4, 'Doux, lisible, avec une belle ambiance de voisinage.', now() - interval '5 days', now() - interval '5 days'),
    ('72000000-0000-4000-8000-000000000008', '10000000-0000-4000-8000-000000000008', '20000000-0000-4000-8000-000000000009', 4, 'Bon suspense et excellent rythme pour un trajet de nuit.', now() - interval '1 day', now() - interval '1 day'),
    ('72000000-0000-4000-8000-000000000009', '10000000-0000-4000-8000-000000000004', '20000000-0000-4000-8000-000000000007', 4, 'Belle atmosphere maritime, quelques transitions peuvent respirer davantage.', now() - interval '18 hours', now() - interval '18 hours'),
    ('72000000-0000-4000-8000-000000000010', '10000000-0000-4000-8000-000000000008', '20000000-0000-4000-8000-000000000011', 5, 'Tres bon livre pour les lecteurs qui cherchent une fantasy chaleureuse.', now() - interval '12 hours', now() - interval '12 hours'),
    ('72000000-0000-4000-8000-000000000011', '10000000-0000-4000-8000-000000000003', '20000000-0000-4000-8000-000000000007', 4, 'Deuxieme commentaire de Clara sur le meme livre pour tester les commentaires multiples.', now() - interval '2 hours', now() - interval '2 hours')
ON CONFLICT (id_review) DO UPDATE SET
    user_id = EXCLUDED.user_id,
    book_id = EXCLUDED.book_id,
    rating = EXCLUDED.rating,
    comment = EXCLUDED.comment,
    updated_at = EXCLUDED.updated_at;

UPDATE books b
SET average_rating = COALESCE(r.avg_rating, 0.00)
FROM (
    SELECT book_id, round(avg(rating)::numeric, 2) AS avg_rating
    FROM reviews
    GROUP BY book_id
) r
WHERE b.id_book = r.book_id;

INSERT INTO reports (id_report, reporter_id, book_id, reason, description, status, created_at, resolved_at)
VALUES
    ('73000000-0000-4000-8000-000000000003', '10000000-0000-4000-8000-000000000003', '20000000-0000-4000-8000-000000000009', 'Signalement de test', 'Signalement ouvert pour tester la liste admin.', 'OPEN', now() - interval '6 hours', NULL),
    ('73000000-0000-4000-8000-000000000004', '10000000-0000-4000-8000-000000000008', '20000000-0000-4000-8000-000000000001', 'Doublon de test', 'Signalement resolu pour tester les filtres de moderation.', 'RESOLVED', now() - interval '5 days', now() - interval '1 day')
ON CONFLICT (id_report) DO UPDATE SET
    reason = EXCLUDED.reason,
    description = EXCLUDED.description,
    status = EXCLUDED.status,
    resolved_at = EXCLUDED.resolved_at;

INSERT INTO notifications (id_notification, user_id, title, message, type, is_read, created_at, read_at)
VALUES
    ('80000000-0000-4000-8000-000000000005', '10000000-0000-4000-8000-000000000001', 'La Mer Sans Sommeil est publie', 'Votre livre est disponible dans Decouvrir.', 'BOOK_PUBLISHED', FALSE, now() - interval '1 day', NULL),
    ('80000000-0000-4000-8000-000000000006', '10000000-0000-4000-8000-000000000001', 'Commentaire beta sur Atlas', 'Noah a laisse un retour prioritaire sur Atlas des Lucioles.', 'BETA_COMMENT_RECEIVED', FALSE, now() - interval '12 hours', NULL),
    ('80000000-0000-4000-8000-000000000007', '10000000-0000-4000-8000-000000000003', 'Recommendations Mukeme pretes', 'Mukeme a prepare des livres publics pour votre humeur du soir.', 'AI_RECOMMENDATION', FALSE, now() - interval '3 hours', NULL),
    ('80000000-0000-4000-8000-000000000008', '10000000-0000-4000-8000-000000000004', 'Invitation acceptee', 'Votre acces beta a Atlas des Lucioles est actif.', 'BETA_INVITATION', TRUE, now() - interval '1 day', now() - interval '1 day'),
    ('80000000-0000-4000-8000-000000000009', '10000000-0000-4000-8000-000000000005', 'Nouvelle invitation beta', 'Alice vous invite sur Atlas des Lucioles.', 'BETA_INVITATION', FALSE, now() - interval '2 days', NULL),
    ('80000000-0000-4000-8000-000000000010', '10000000-0000-4000-8000-000000000006', 'Signalement a verifier', 'Un nouveau signalement attend une decision admin.', 'SYSTEM', FALSE, now() - interval '6 hours', NULL)
ON CONFLICT (id_notification) DO UPDATE SET
    title = EXCLUDED.title,
    message = EXCLUDED.message,
    type = EXCLUDED.type,
    is_read = EXCLUDED.is_read,
    read_at = EXCLUDED.read_at;

INSERT INTO ai_writing_requests (
    id_ai_writing_request, user_id, chapter_id, selected_text, context_text, action_type, created_at
)
VALUES
    ('81000000-0000-4000-8000-000000000001', '10000000-0000-4000-8000-000000000001', '30000000-0000-4000-8000-000000000011', 'Chaque luciole semblait porter le nom d une ville disparue.', 'Scene d ouverture de Atlas des Lucioles.', 'IMPROVE_STYLE', now() - interval '2 hours'),
    ('81000000-0000-4000-8000-000000000002', '10000000-0000-4000-8000-000000000007', '30000000-0000-4000-8000-000000000023', 'Brouillon prive reserve a Maya pour verifier les filtres auteur.', 'Note de depart encore seche.', 'MAKE_MORE_EMOTIONAL', now() - interval '1 hour')
ON CONFLICT (id_ai_writing_request) DO UPDATE SET
    selected_text = EXCLUDED.selected_text,
    context_text = EXCLUDED.context_text,
    action_type = EXCLUDED.action_type,
    created_at = EXCLUDED.created_at;

INSERT INTO ai_writing_suggestions (
    id_ai_writing_suggestion, request_id, suggestion_text, explanation, status, created_at
)
VALUES
    ('82000000-0000-4000-8000-000000000001', '81000000-0000-4000-8000-000000000001', 'Chaque luciole portait en elle le nom tremblant d une ville disparue.', 'Suggestion fake provider pour tester l ecran Mukeme cote auteur.', 'PENDING', now() - interval '2 hours'),
    ('82000000-0000-4000-8000-000000000002', '81000000-0000-4000-8000-000000000002', 'Ce brouillon portait deja une promesse fragile, comme une lettre que Maya n osait pas encore ouvrir.', 'Suggestion deja acceptee pour tester l historique.', 'ACCEPTED', now() - interval '1 hour')
ON CONFLICT (id_ai_writing_suggestion) DO UPDATE SET
    suggestion_text = EXCLUDED.suggestion_text,
    explanation = EXCLUDED.explanation,
    status = EXCLUDED.status,
    created_at = EXCLUDED.created_at;

INSERT INTO ai_recommendation_requests (
    id_ai_recommendation_request, user_id, query_text, mood, preferred_duration, preferred_genre, created_at
)
VALUES
    ('83000000-0000-4000-8000-000000000001', '10000000-0000-4000-8000-000000000003', 'Je veux une lecture immersive avec de la mer, du mystere et une belle couverture.', 'calme', 'medium', 'Aventure', now() - interval '3 hours'),
    ('83000000-0000-4000-8000-000000000002', '10000000-0000-4000-8000-000000000008', 'Je cherche un thriller court avec une ambiance nocturne.', 'tendu', 'short', 'Thriller', now() - interval '2 hours')
ON CONFLICT (id_ai_recommendation_request) DO UPDATE SET
    query_text = EXCLUDED.query_text,
    mood = EXCLUDED.mood,
    preferred_duration = EXCLUDED.preferred_duration,
    preferred_genre = EXCLUDED.preferred_genre,
    created_at = EXCLUDED.created_at;

INSERT INTO ai_recommendation_results (
    id_ai_recommendation_result, request_id, book_id, match_score, reasons, rank_position
)
VALUES
    ('84000000-0000-4000-8000-000000000001', '83000000-0000-4000-8000-000000000001', '20000000-0000-4000-8000-000000000007', 94, '["Genre aventure", "Ambiance maritime", "Livre publie et public"]'::jsonb, 1),
    ('84000000-0000-4000-8000-000000000002', '83000000-0000-4000-8000-000000000001', '20000000-0000-4000-8000-000000000001', 82, '["Fantasy immersive", "Bonne note moyenne", "Univers atmospherique"]'::jsonb, 2),
    ('84000000-0000-4000-8000-000000000003', '83000000-0000-4000-8000-000000000001', '20000000-0000-4000-8000-000000000011', 76, '["Fantasy chaleureuse", "Lecture accessible", "Couverture marquee"]'::jsonb, 3),
    ('84000000-0000-4000-8000-000000000004', '83000000-0000-4000-8000-000000000002', '20000000-0000-4000-8000-000000000009', 96, '["Genre thriller", "Ambiance nocturne", "Reading count eleve"]'::jsonb, 1),
    ('84000000-0000-4000-8000-000000000005', '83000000-0000-4000-8000-000000000002', '20000000-0000-4000-8000-000000000003', 88, '["Thriller court", "Train de nuit", "Lecture terminee par Eli"]'::jsonb, 2),
    ('84000000-0000-4000-8000-000000000006', '83000000-0000-4000-8000-000000000002', '20000000-0000-4000-8000-000000000002', 65, '["Mystere public", "Ambiance sombre", "Alternative si aucun thriller ne suffit"]'::jsonb, 3)
ON CONFLICT (id_ai_recommendation_result) DO UPDATE SET
    request_id = EXCLUDED.request_id,
    book_id = EXCLUDED.book_id,
    match_score = EXCLUDED.match_score,
    reasons = EXCLUDED.reasons,
    rank_position = EXCLUDED.rank_position;

COMMIT;
