BEGIN;

-- Dev/test password for every seeded user: password
-- BCrypt hash generated by the local Spring PasswordEncoder.
WITH seed_users(id_user, firstname, lastname, username, email, bio) AS (
    VALUES
        ('10000000-0000-4000-8000-000000000001'::uuid, 'Alice', 'Morel', 'alice_author', 'alice.author@plumora.test', 'Autrice de fantasy atmospherique.'),
        ('10000000-0000-4000-8000-000000000002'::uuid, 'Bruno', 'Kassel', 'bruno_author', 'bruno.author@plumora.test', 'Auteur de thrillers courts.'),
        ('10000000-0000-4000-8000-000000000003'::uuid, 'Clara', 'Vidal', 'clara_reader', 'clara.reader@plumora.test', 'Lectrice reguliere.'),
        ('10000000-0000-4000-8000-000000000004'::uuid, 'Noah', 'Sorel', 'noah_beta', 'noah.beta@plumora.test', 'Beta-lecteur sensible au rythme.'),
        ('10000000-0000-4000-8000-000000000005'::uuid, 'Lina', 'Park', 'lina_beta', 'lina.beta@plumora.test', 'Beta-lectrice specialisee personnages.'),
        ('10000000-0000-4000-8000-000000000006'::uuid, 'Admin', 'Plumora', 'admin_plumora', 'admin@plumora.test', 'Compte admin local.')
)
INSERT INTO users (id_user, firstname, lastname, username, email, password_hash, avatar_url, bio, is_active, created_at, updated_at)
SELECT
    id_user,
    firstname,
    lastname,
    username,
    email,
    '$2a$10$hitz6ikg/grYTEyhlMlzXe2tPujxA2vHpFKU8v14gcpEWVPZrtlkm',
    'https://placehold.co/256x256?text=' || upper(left(firstname, 1)) || upper(left(lastname, 1)),
    bio,
    TRUE,
    now() - interval '20 days',
    now()
FROM seed_users
ON CONFLICT (email) DO UPDATE SET
    firstname = EXCLUDED.firstname,
    lastname = EXCLUDED.lastname,
    username = EXCLUDED.username,
    password_hash = EXCLUDED.password_hash,
    avatar_url = EXCLUDED.avatar_url,
    bio = EXCLUDED.bio,
    is_active = TRUE,
    updated_at = now();

WITH assignments(email, role_name) AS (
    VALUES
        ('alice.author@plumora.test', 'AUTHOR'),
        ('alice.author@plumora.test', 'READER'),
        ('bruno.author@plumora.test', 'AUTHOR'),
        ('clara.reader@plumora.test', 'READER'),
        ('noah.beta@plumora.test', 'READER'),
        ('noah.beta@plumora.test', 'BETA_READER'),
        ('lina.beta@plumora.test', 'READER'),
        ('lina.beta@plumora.test', 'BETA_READER'),
        ('admin@plumora.test', 'ADMIN')
)
INSERT INTO user_roles (id_user, id_role, assigned_at)
SELECT u.id_user, r.id_role, now() - interval '20 days'
FROM assignments a
JOIN users u ON u.email = a.email
JOIN roles r ON r.name = a.role_name
ON CONFLICT (id_user, id_role) DO NOTHING;

INSERT INTO books (
    id_book, author_id, title, subtitle, summary, cover_url, genre, language_code,
    status, visibility, published_at, reading_count, average_rating, created_at, updated_at
)
VALUES
    (
        '20000000-0000-4000-8000-000000000001',
        '10000000-0000-4000-8000-000000000001',
        'Les Brumes de Cendrelune',
        'Livre I',
        'Une apprentie cartographe suit des lanternes impossibles jusqu''a une cite cachee sous les brumes.',
        'https://placehold.co/600x900?text=Cendrelune',
        'Fantasy',
        'fr',
        'PUBLISHED',
        'PUBLIC',
        now() - interval '12 days',
        128,
        4.50,
        now() - interval '40 days',
        now() - interval '2 days'
    ),
    (
        '20000000-0000-4000-8000-000000000002',
        '10000000-0000-4000-8000-000000000001',
        'L''Orchestre des Ombres',
        NULL,
        'Dans un theatre abandonne, chaque morceau joue reveille un souvenir que personne ne veut retrouver.',
        'https://placehold.co/600x900?text=Ombres',
        'Mystere',
        'fr',
        'PUBLISHED',
        'PUBLIC',
        now() - interval '5 days',
        84,
        4.50,
        now() - interval '30 days',
        now() - interval '1 day'
    ),
    (
        '20000000-0000-4000-8000-000000000003',
        '10000000-0000-4000-8000-000000000002',
        'Station Minuit',
        NULL,
        'Un agent de nuit decouvre que les voyageurs disparus prennent tous le meme train a 00:17.',
        'https://placehold.co/600x900?text=Minuit',
        'Thriller',
        'fr',
        'PUBLISHED',
        'PUBLIC',
        now() - interval '2 days',
        42,
        3.00,
        now() - interval '18 days',
        now() - interval '2 days'
    ),
    (
        '20000000-0000-4000-8000-000000000004',
        '10000000-0000-4000-8000-000000000001',
        'Le Jardin des Versions',
        NULL,
        'Roman en cours d''ecriture autour d''un jardin qui reecrit les souvenirs.',
        'https://placehold.co/600x900?text=Versions',
        'Fantastique',
        'fr',
        'DRAFT',
        'PRIVATE',
        NULL,
        0,
        0.00,
        now() - interval '10 days',
        now()
    ),
    (
        '20000000-0000-4000-8000-000000000005',
        '10000000-0000-4000-8000-000000000001',
        'Cartographie des Silences',
        'Version beta',
        'Une expedition traverse une zone ou chaque mensonge efface un souvenir.',
        'https://placehold.co/600x900?text=Silences',
        'Science-fiction',
        'fr',
        'IN_BETA_READING',
        'BETA_ONLY',
        NULL,
        3,
        0.00,
        now() - interval '8 days',
        now()
    )
ON CONFLICT (id_book) DO UPDATE SET
    title = EXCLUDED.title,
    subtitle = EXCLUDED.subtitle,
    summary = EXCLUDED.summary,
    cover_url = EXCLUDED.cover_url,
    genre = EXCLUDED.genre,
    language_code = EXCLUDED.language_code,
    status = EXCLUDED.status,
    visibility = EXCLUDED.visibility,
    published_at = EXCLUDED.published_at,
    reading_count = EXCLUDED.reading_count,
    average_rating = EXCLUDED.average_rating,
    updated_at = EXCLUDED.updated_at;

INSERT INTO chapters (id_chapter, book_id, title, content, chapter_order, word_count, created_at, updated_at)
VALUES
    ('30000000-0000-4000-8000-000000000001', '20000000-0000-4000-8000-000000000001', 'La carte mouillee', 'La pluie avait efface les routes, mais pas les promesses. Maelle posa la main sur la carte et la brume repondit.', 1, 23, now() - interval '39 days', now() - interval '12 days'),
    ('30000000-0000-4000-8000-000000000002', '20000000-0000-4000-8000-000000000001', 'La ville sous le verre', 'Sous la colline, les lampes flottaient comme des lunes minuscules. Aucun habitant ne semblait vieillir.', 2, 18, now() - interval '38 days', now() - interval '12 days'),
    ('30000000-0000-4000-8000-000000000003', '20000000-0000-4000-8000-000000000001', 'Le serment des passeurs', 'Les passeurs exigeaient une histoire vraie pour ouvrir le chemin. Maelle choisit celle qui lui coutait le plus.', 3, 20, now() - interval '37 days', now() - interval '11 days'),
    ('30000000-0000-4000-8000-000000000004', '20000000-0000-4000-8000-000000000002', 'Rideau noir', 'Le theatre sentait la poussiere chaude et les roses fanees. Au centre, un violon jouait sans musicien.', 1, 18, now() - interval '29 days', now() - interval '5 days'),
    ('30000000-0000-4000-8000-000000000005', '20000000-0000-4000-8000-000000000002', 'La note qui revient', 'Chaque spectateur entendait une melodie differente, mais tous pleuraient au meme moment.', 2, 15, now() - interval '28 days', now() - interval '5 days'),
    ('30000000-0000-4000-8000-000000000006', '20000000-0000-4000-8000-000000000003', 'Quai 17', 'A minuit dix-sept, le train entra sans bruit. Les panneaux annoncerent une destination impossible.', 1, 15, now() - interval '17 days', now() - interval '2 days'),
    ('30000000-0000-4000-8000-000000000007', '20000000-0000-4000-8000-000000000003', 'Le controleur', 'Le controleur connaissait le nom des morts et poinconnait les billets avec une aiguille d''argent.', 2, 16, now() - interval '16 days', now() - interval '2 days'),
    ('30000000-0000-4000-8000-000000000008', '20000000-0000-4000-8000-000000000004', 'Brouillon vivant', 'Le jardin changeait les phrases avant meme qu''Alice ne les pense.', 1, 11, now() - interval '9 days', now()),
    ('30000000-0000-4000-8000-000000000009', '20000000-0000-4000-8000-000000000005', 'Zone blanche', 'Les radios se turent ensemble. A partir de la borne rouge, chaque parole demandait un prix.', 1, 16, now() - interval '7 days', now()),
    ('30000000-0000-4000-8000-000000000010', '20000000-0000-4000-8000-000000000005', 'La caravane muette', 'Personne ne parlait dans la caravane, mais les carnets se remplissaient de phrases inconnues.', 2, 15, now() - interval '6 days', now())
ON CONFLICT (id_chapter) DO UPDATE SET
    title = EXCLUDED.title,
    content = EXCLUDED.content,
    chapter_order = EXCLUDED.chapter_order,
    word_count = EXCLUDED.word_count,
    updated_at = EXCLUDED.updated_at;

INSERT INTO chapter_versions (id_chapter_version, chapter_id, created_by_user_id, version_number, content_snapshot, created_at)
VALUES
    ('90000000-0000-4000-8000-000000000001', '30000000-0000-4000-8000-000000000001', '10000000-0000-4000-8000-000000000001', 1, 'Ancienne ouverture de Cendrelune.', now() - interval '35 days'),
    ('90000000-0000-4000-8000-000000000002', '30000000-0000-4000-8000-000000000001', '10000000-0000-4000-8000-000000000001', 2, 'La pluie avait efface les routes, mais pas les promesses.', now() - interval '12 days'),
    ('90000000-0000-4000-8000-000000000003', '30000000-0000-4000-8000-000000000009', '10000000-0000-4000-8000-000000000001', 1, 'Premiere version de la zone blanche.', now() - interval '6 days')
ON CONFLICT (id_chapter_version) DO UPDATE SET
    content_snapshot = EXCLUDED.content_snapshot,
    created_at = EXCLUDED.created_at;

INSERT INTO beta_reading_campaigns (id_beta_reading_campaign, book_id, author_id, title, instructions, deadline, status, created_at, closed_at)
VALUES
    ('40000000-0000-4000-8000-000000000001', '20000000-0000-4000-8000-000000000005', '10000000-0000-4000-8000-000000000001', 'Beta lecture - Silences', 'Merci de verifier le rythme, la clarte des regles et les personnages secondaires.', current_date + 21, 'ACTIVE', now() - interval '5 days', NULL),
    ('40000000-0000-4000-8000-000000000002', '20000000-0000-4000-8000-000000000004', '10000000-0000-4000-8000-000000000001', 'Exploration brouillon', 'Retour libre sur le concept du jardin.', current_date + 12, 'CLOSED', now() - interval '9 days', now() - interval '1 day')
ON CONFLICT (id_beta_reading_campaign) DO UPDATE SET
    title = EXCLUDED.title,
    instructions = EXCLUDED.instructions,
    deadline = EXCLUDED.deadline,
    status = EXCLUDED.status,
    closed_at = EXCLUDED.closed_at;

INSERT INTO beta_invitations (id_beta_invitation, campaign_id, beta_reader_id, status, invited_at, responded_at)
VALUES
    ('50000000-0000-4000-8000-000000000001', '40000000-0000-4000-8000-000000000001', '10000000-0000-4000-8000-000000000004', 'ACCEPTED', now() - interval '4 days', now() - interval '3 days'),
    ('50000000-0000-4000-8000-000000000002', '40000000-0000-4000-8000-000000000001', '10000000-0000-4000-8000-000000000005', 'PENDING', now() - interval '2 days', NULL),
    ('50000000-0000-4000-8000-000000000003', '40000000-0000-4000-8000-000000000002', '10000000-0000-4000-8000-000000000005', 'REFUSED', now() - interval '8 days', now() - interval '7 days')
ON CONFLICT (campaign_id, beta_reader_id) DO UPDATE SET
    status = EXCLUDED.status,
    invited_at = EXCLUDED.invited_at,
    responded_at = EXCLUDED.responded_at;

INSERT INTO beta_shared_chapters (id_beta_shared_chapter, campaign_id, chapter_id)
VALUES
    ('51000000-0000-4000-8000-000000000001', '40000000-0000-4000-8000-000000000001', '30000000-0000-4000-8000-000000000009'),
    ('51000000-0000-4000-8000-000000000002', '40000000-0000-4000-8000-000000000001', '30000000-0000-4000-8000-000000000010'),
    ('51000000-0000-4000-8000-000000000003', '40000000-0000-4000-8000-000000000002', '30000000-0000-4000-8000-000000000008')
ON CONFLICT (campaign_id, chapter_id) DO NOTHING;

INSERT INTO beta_comments (
    id_beta_comment, campaign_id, chapter_id, beta_reader_id, comment_text, selected_text,
    position_start, position_end, feedback_type, priority, status, created_at, updated_at
)
VALUES
    ('60000000-0000-4000-8000-000000000001', '40000000-0000-4000-8000-000000000001', '30000000-0000-4000-8000-000000000009', '10000000-0000-4000-8000-000000000004', 'La regle du prix des paroles est forte, mais elle arrive un peu brutalement.', 'chaque parole demandait un prix', 62, 94, 'CONTINUITY', 'HIGH', 'OPEN', now() - interval '2 days', NULL),
    ('60000000-0000-4000-8000-000000000002', '40000000-0000-4000-8000-000000000001', '30000000-0000-4000-8000-000000000010', '10000000-0000-4000-8000-000000000004', 'Tres bonne ambiance. Je ralentirais moins la scene d''arrivee de la caravane.', 'Personne ne parlait dans la caravane', 0, 36, 'PACING', 'MEDIUM', 'IN_PROGRESS', now() - interval '1 day', now() - interval '6 hours')
ON CONFLICT (id_beta_comment) DO UPDATE SET
    comment_text = EXCLUDED.comment_text,
    selected_text = EXCLUDED.selected_text,
    position_start = EXCLUDED.position_start,
    position_end = EXCLUDED.position_end,
    feedback_type = EXCLUDED.feedback_type,
    priority = EXCLUDED.priority,
    status = EXCLUDED.status,
    updated_at = EXCLUDED.updated_at;

INSERT INTO reading_progress (
    id_reading_progress, user_id, book_id, current_chapter_id, progress_percentage, started_at, last_read_at, finished_at
)
VALUES
    ('70000000-0000-4000-8000-000000000001', '10000000-0000-4000-8000-000000000003', '20000000-0000-4000-8000-000000000001', '30000000-0000-4000-8000-000000000002', 66.00, now() - interval '4 days', now() - interval '1 hour', NULL),
    ('70000000-0000-4000-8000-000000000002', '10000000-0000-4000-8000-000000000003', '20000000-0000-4000-8000-000000000002', '30000000-0000-4000-8000-000000000005', 100.00, now() - interval '8 days', now() - interval '3 days', now() - interval '3 days'),
    ('70000000-0000-4000-8000-000000000003', '10000000-0000-4000-8000-000000000004', '20000000-0000-4000-8000-000000000003', '30000000-0000-4000-8000-000000000006', 50.00, now() - interval '2 days', now() - interval '30 minutes', NULL)
ON CONFLICT (user_id, book_id) DO UPDATE SET
    current_chapter_id = EXCLUDED.current_chapter_id,
    progress_percentage = EXCLUDED.progress_percentage,
    last_read_at = EXCLUDED.last_read_at,
    finished_at = EXCLUDED.finished_at;

INSERT INTO favorites (id_favorite, user_id, book_id, created_at)
VALUES
    ('71000000-0000-4000-8000-000000000001', '10000000-0000-4000-8000-000000000003', '20000000-0000-4000-8000-000000000001', now() - interval '3 days'),
    ('71000000-0000-4000-8000-000000000002', '10000000-0000-4000-8000-000000000003', '20000000-0000-4000-8000-000000000002', now() - interval '2 days'),
    ('71000000-0000-4000-8000-000000000003', '10000000-0000-4000-8000-000000000004', '20000000-0000-4000-8000-000000000001', now() - interval '1 day')
ON CONFLICT (user_id, book_id) DO NOTHING;

INSERT INTO reviews (id_review, user_id, book_id, rating, comment, created_at, updated_at)
VALUES
    ('72000000-0000-4000-8000-000000000001', '10000000-0000-4000-8000-000000000003', '20000000-0000-4000-8000-000000000001', 5, 'Une ambiance magnifique et un univers tres lisible.', now() - interval '2 days', now() - interval '2 days'),
    ('72000000-0000-4000-8000-000000000002', '10000000-0000-4000-8000-000000000004', '20000000-0000-4000-8000-000000000001', 4, 'Tres bon debut, quelques passages descriptifs sont longs.', now() - interval '1 day', now() - interval '1 day'),
    ('72000000-0000-4000-8000-000000000003', '10000000-0000-4000-8000-000000000003', '20000000-0000-4000-8000-000000000002', 4, 'Mystere efficace, final touchant.', now() - interval '3 days', now() - interval '3 days'),
    ('72000000-0000-4000-8000-000000000004', '10000000-0000-4000-8000-000000000005', '20000000-0000-4000-8000-000000000002', 5, 'J''ai adore la musique fantome.', now() - interval '1 day', now() - interval '1 day'),
    ('72000000-0000-4000-8000-000000000005', '10000000-0000-4000-8000-000000000003', '20000000-0000-4000-8000-000000000003', 3, 'Bonne idee, rythme encore un peu froid.', now() - interval '1 day', now() - interval '1 day')
ON CONFLICT (user_id, book_id) DO UPDATE SET
    rating = EXCLUDED.rating,
    comment = EXCLUDED.comment,
    updated_at = EXCLUDED.updated_at;

UPDATE books b
SET average_rating = COALESCE(r.avg_rating, 0.00)
FROM (
    SELECT book_id, round(avg(rating)::numeric, 2) AS avg_rating
    FROM reviews
    GROUP BY book_id
) r
WHERE b.id_book = r.book_id;

INSERT INTO notifications (id_notification, user_id, title, message, type, is_read, created_at, read_at)
VALUES
    ('80000000-0000-4000-8000-000000000001', '10000000-0000-4000-8000-000000000004', 'Invitation a une beta-lecture', 'Vous etes invite sur Cartographie des Silences.', 'BETA_INVITATION', FALSE, now() - interval '4 days', NULL),
    ('80000000-0000-4000-8000-000000000002', '10000000-0000-4000-8000-000000000005', 'Invitation a une beta-lecture', 'Vous etes invite sur Cartographie des Silences.', 'BETA_INVITATION', FALSE, now() - interval '2 days', NULL),
    ('80000000-0000-4000-8000-000000000003', '10000000-0000-4000-8000-000000000001', 'Nouveau commentaire beta', 'Noah a laisse un commentaire sur Cartographie des Silences.', 'BETA_COMMENT', FALSE, now() - interval '1 day', NULL),
    ('80000000-0000-4000-8000-000000000004', '10000000-0000-4000-8000-000000000003', 'Bienvenue sur Plumora', 'Votre bibliotheque de test est prete.', 'SYSTEM', TRUE, now() - interval '7 days', now() - interval '7 days')
ON CONFLICT (id_notification) DO UPDATE SET
    title = EXCLUDED.title,
    message = EXCLUDED.message,
    type = EXCLUDED.type,
    is_read = EXCLUDED.is_read,
    read_at = EXCLUDED.read_at;

COMMIT;
