-- Local demo data for the internal Plumora catalog.
-- These books are authored by platform users, not imported from Gutendex.

WITH demo_users(id_user, firstname, lastname, username, email, bio) AS (
	VALUES
		('10000000-0000-4000-8000-000000000001'::uuid, 'Alice', 'Morel', 'alice_author', 'alice.author@plumora.test', 'Autrice de fantasy atmospherique.'),
		('10000000-0000-4000-8000-000000000002'::uuid, 'Bruno', 'Kassel', 'bruno_author', 'bruno.author@plumora.test', 'Auteur de thrillers courts.'),
		('10000000-0000-4000-8000-000000000003'::uuid, 'Clara', 'Vidal', 'clara_reader', 'clara.reader@plumora.test', 'Lectrice reguliere.'),
		('10000000-0000-4000-8000-000000000004'::uuid, 'Noah', 'Sorel', 'noah_beta', 'noah.beta@plumora.test', 'Beta-lecteur sensible au rythme.'),
		('10000000-0000-4000-8000-000000000005'::uuid, 'Lina', 'Park', 'lina_beta', 'lina.beta@plumora.test', 'Beta-lectrice specialisee personnages.'),
		('10000000-0000-4000-8000-000000000006'::uuid, 'Admin', 'Plumora', 'admin_plumora', 'admin@plumora.test', 'Compte admin local.'),
		('10000000-0000-4000-8000-000000000007'::uuid, 'Maya', 'Chen', 'maya_author', 'maya.author@plumora.test', 'Autrice de romances lumineuses et de fantasy douce.'),
		('10000000-0000-4000-8000-000000000008'::uuid, 'Eli', 'Roux', 'eli_reader', 'eli.reader@plumora.test', 'Lecteur de SF, thriller et fantasy courte.')
)
INSERT INTO users (id_user, firstname, lastname, username, email, password_hash, avatar_url, bio, is_active, created_at, updated_at)
SELECT
	id_user,
	firstname,
	lastname,
	username,
	email,
	'$2a$10$hitz6ikg/grYTEyhlMlzXe2tPujxA2vHpFKU8v14gcpEWVPZrtlkm',
	'https://ui-avatars.com/api/?background=56309a&color=fff&name=' || firstname || '+' || lastname,
	bio,
	TRUE,
	now() - interval '30 days',
	now()
FROM demo_users
ON CONFLICT (email) DO UPDATE SET
	firstname = EXCLUDED.firstname,
	lastname = EXCLUDED.lastname,
	username = EXCLUDED.username,
	password_hash = EXCLUDED.password_hash,
	avatar_url = EXCLUDED.avatar_url,
	bio = EXCLUDED.bio,
	is_active = TRUE,
	updated_at = now();

WITH assignments(email, role_name) AS (
	VALUES
		('alice.author@plumora.test', 'AUTHOR'),
		('alice.author@plumora.test', 'READER'),
		('bruno.author@plumora.test', 'AUTHOR'),
		('bruno.author@plumora.test', 'READER'),
		('clara.reader@plumora.test', 'READER'),
		('noah.beta@plumora.test', 'READER'),
		('noah.beta@plumora.test', 'BETA_READER'),
		('lina.beta@plumora.test', 'READER'),
		('lina.beta@plumora.test', 'BETA_READER'),
		('admin@plumora.test', 'ADMIN'),
		('admin@plumora.test', 'READER'),
		('maya.author@plumora.test', 'AUTHOR'),
		('maya.author@plumora.test', 'READER'),
		('eli.reader@plumora.test', 'READER')
)
INSERT INTO user_roles (id_user, id_role, assigned_at)
SELECT u.id_user, r.id_role, now() - interval '30 days'
FROM assignments a
JOIN users u ON u.email = a.email
JOIN roles r ON r.name = a.role_name
ON CONFLICT (id_user, id_role) DO NOTHING;

INSERT INTO books (
	id_book, author_id, title, subtitle, summary, cover_url, genre, language_code,
	status, visibility, published_at, reading_count, average_rating,
	external_source, external_id, external_authors, external_subjects, external_languages,
	source_url, read_url, download_count, formats_json,
	created_at, updated_at
)
VALUES
	(
		'20000000-0000-4000-8000-000000000001',
		'10000000-0000-4000-8000-000000000001',
		'Les Brumes de Cendrelune',
		'Livre I',
		'Une apprentie cartographe suit des lanternes impossibles jusqu a une cite cachee sous les brumes.',
		'https://images.unsplash.com/photo-1519681393784-d120267933ba?auto=format&fit=crop&w=600&h=900&q=80',
		'Fantasy',
		'fr',
		'PUBLISHED',
		'PUBLIC',
		now() - interval '18 days',
		226,
		4.50,
		NULL,
		NULL,
		'[]'::jsonb,
		'[]'::jsonb,
		'["fr"]'::jsonb,
		NULL,
		NULL,
		NULL,
		'{}'::jsonb,
		now() - interval '48 days',
		now() - interval '18 days'
	),
	(
		'20000000-0000-4000-8000-000000000002',
		'10000000-0000-4000-8000-000000000001',
		'L''Orchestre des Ombres',
		NULL,
		'Dans un theatre abandonne, chaque morceau joue reveille un souvenir que personne ne veut retrouver.',
		'https://images.unsplash.com/photo-1507838153414-b4b713384a76?auto=format&fit=crop&w=600&h=900&q=80',
		'Mystere',
		'fr',
		'PUBLISHED',
		'PUBLIC',
		now() - interval '11 days',
		142,
		4.50,
		NULL,
		NULL,
		'[]'::jsonb,
		'[]'::jsonb,
		'["fr"]'::jsonb,
		NULL,
		NULL,
		NULL,
		'{}'::jsonb,
		now() - interval '40 days',
		now() - interval '11 days'
	),
	(
		'20000000-0000-4000-8000-000000000003',
		'10000000-0000-4000-8000-000000000002',
		'Station Minuit',
		NULL,
		'Un agent de nuit decouvre que les voyageurs disparus prennent tous le meme train a 00:17.',
		'https://images.unsplash.com/photo-1493246507139-91e8fad9978e?auto=format&fit=crop&w=600&h=900&q=80',
		'Thriller',
		'fr',
		'PUBLISHED',
		'PUBLIC',
		now() - interval '8 days',
		118,
		4.00,
		NULL,
		NULL,
		'[]'::jsonb,
		'[]'::jsonb,
		'["fr"]'::jsonb,
		NULL,
		NULL,
		NULL,
		'{}'::jsonb,
		now() - interval '35 days',
		now() - interval '8 days'
	),
	(
		'20000000-0000-4000-8000-000000000004',
		'10000000-0000-4000-8000-000000000001',
		'Le Jardin des Versions',
		NULL,
		'Roman en cours d ecriture autour d un jardin qui reecrit les souvenirs.',
		'https://images.unsplash.com/photo-1416879595882-3373a0480b5b?auto=format&fit=crop&w=600&h=900&q=80',
		'Fantastique',
		'fr',
		'DRAFT',
		'PRIVATE',
		NULL,
		0,
		0.00,
		NULL,
		NULL,
		'[]'::jsonb,
		'[]'::jsonb,
		'["fr"]'::jsonb,
		NULL,
		NULL,
		NULL,
		'{}'::jsonb,
		now() - interval '12 days',
		now()
	),
	(
		'20000000-0000-4000-8000-000000000005',
		'10000000-0000-4000-8000-000000000001',
		'Cartographie des Silences',
		'Version beta',
		'Une expedition traverse une zone ou chaque mensonge efface un souvenir.',
		'https://images.unsplash.com/photo-1500534314209-a25ddb2bd429?auto=format&fit=crop&w=600&h=900&q=80',
		'Science-fiction',
		'fr',
		'IN_BETA_READING',
		'BETA_ONLY',
		NULL,
		3,
		0.00,
		NULL,
		NULL,
		'[]'::jsonb,
		'[]'::jsonb,
		'["fr"]'::jsonb,
		NULL,
		NULL,
		NULL,
		'{}'::jsonb,
		now() - interval '10 days',
		now()
	),
	(
		'20000000-0000-4000-8000-000000000006',
		'10000000-0000-4000-8000-000000000001',
		'Atlas des Lucioles',
		'Manuscrit presque pret',
		'Une jeune relieuse suit des lucioles qui revelent les villes oubliees d un atlas interdit.',
		'https://images.unsplash.com/photo-1524995997946-a1c2e315a42f?auto=format&fit=crop&w=600&h=900&q=80',
		'Fantasy',
		'fr',
		'READY_TO_PUBLISH',
		'PRIVATE',
		NULL,
		0,
		0.00,
		NULL,
		NULL,
		'[]'::jsonb,
		'[]'::jsonb,
		'["fr"]'::jsonb,
		NULL,
		NULL,
		NULL,
		'{}'::jsonb,
		now() - interval '14 days',
		now() - interval '2 hours'
	),
	(
		'20000000-0000-4000-8000-000000000007',
		'10000000-0000-4000-8000-000000000001',
		'La Mer Sans Sommeil',
		NULL,
		'Sur une cote ou la mer ne dort jamais, une gardienne de phare entend les histoires que les vagues rapportent.',
		'https://images.unsplash.com/photo-1507525428034-b723cf961d3e?auto=format&fit=crop&w=600&h=900&q=80',
		'Aventure',
		'fr',
		'PUBLISHED',
		'PUBLIC',
		now() - interval '1 day',
		191,
		4.50,
		NULL,
		NULL,
		'[]'::jsonb,
		'[]'::jsonb,
		'["fr"]'::jsonb,
		NULL,
		NULL,
		NULL,
		'{}'::jsonb,
		now() - interval '25 days',
		now() - interval '1 day'
	),
	(
		'20000000-0000-4000-8000-000000000008',
		'10000000-0000-4000-8000-000000000001',
		'Archives de Verre',
		'Ancien manuscrit',
		'Un projet archive volontairement pour tester les ecrans auteur et admin sans l afficher dans le catalogue.',
		'https://images.unsplash.com/photo-1516979187457-637abb4f9353?auto=format&fit=crop&w=600&h=900&q=80',
		'Fantastique',
		'fr',
		'ARCHIVED',
		'PRIVATE',
		NULL,
		0,
		0.00,
		NULL,
		NULL,
		'[]'::jsonb,
		'[]'::jsonb,
		'["fr"]'::jsonb,
		NULL,
		NULL,
		NULL,
		'{}'::jsonb,
		now() - interval '60 days',
		now() - interval '20 days'
	),
	(
		'20000000-0000-4000-8000-000000000009',
		'10000000-0000-4000-8000-000000000002',
		'Dernier Tram pour Lumen',
		NULL,
		'Un journaliste monte dans le dernier tram de la nuit et trouve une ville qui ne figure sur aucune carte.',
		'https://images.unsplash.com/photo-1494522855154-9297ac14b55f?auto=format&fit=crop&w=600&h=900&q=80',
		'Thriller',
		'fr',
		'PUBLISHED',
		'PUBLIC',
		now() - interval '3 days',
		256,
		4.00,
		NULL,
		NULL,
		'[]'::jsonb,
		'[]'::jsonb,
		'["fr"]'::jsonb,
		NULL,
		NULL,
		NULL,
		'{}'::jsonb,
		now() - interval '28 days',
		now() - interval '3 days'
	),
	(
		'20000000-0000-4000-8000-000000000010',
		'10000000-0000-4000-8000-000000000007',
		'Sous les Toits de Nacre',
		NULL,
		'Deux voisins apprennent a se connaitre dans un immeuble ou chaque toit cache une terrasse secrete.',
		'https://images.unsplash.com/photo-1494526585095-c41746248156?auto=format&fit=crop&w=600&h=900&q=80',
		'Romance',
		'fr',
		'PUBLISHED',
		'PUBLIC',
		now() - interval '7 days',
		173,
		4.00,
		NULL,
		NULL,
		'[]'::jsonb,
		'[]'::jsonb,
		'["fr"]'::jsonb,
		NULL,
		NULL,
		NULL,
		'{}'::jsonb,
		now() - interval '32 days',
		now() - interval '7 days'
	),
	(
		'20000000-0000-4000-8000-000000000011',
		'10000000-0000-4000-8000-000000000007',
		'Manuel des Etoiles Perdues',
		'Guide pour voyageurs distraits',
		'Une apprentie astronome classe les etoiles tombees sur terre avant qu elles n oublient leur ciel.',
		'https://images.unsplash.com/photo-1446776811953-b23d57bd21aa?auto=format&fit=crop&w=600&h=900&q=80',
		'Fantasy',
		'fr',
		'PUBLISHED',
		'PUBLIC',
		now() - interval '4 days',
		212,
		5.00,
		NULL,
		NULL,
		'[]'::jsonb,
		'[]'::jsonb,
		'["fr"]'::jsonb,
		NULL,
		NULL,
		NULL,
		'{}'::jsonb,
		now() - interval '36 days',
		now() - interval '4 days'
	),
	(
		'20000000-0000-4000-8000-000000000012',
		'10000000-0000-4000-8000-000000000007',
		'Carnets de Nacre',
		'Brouillon prive',
		'Notes privees de Maya pour tester que Decouvrir ne montre jamais les brouillons.',
		'https://images.unsplash.com/photo-1519682337058-a94d519337bc?auto=format&fit=crop&w=600&h=900&q=80',
		'Contemporain',
		'fr',
		'DRAFT',
		'PRIVATE',
		NULL,
		0,
		0.00,
		NULL,
		NULL,
		'[]'::jsonb,
		'[]'::jsonb,
		'["fr"]'::jsonb,
		NULL,
		NULL,
		NULL,
		'{}'::jsonb,
		now() - interval '9 days',
		now() - interval '1 hour'
	)
ON CONFLICT (id_book) DO UPDATE SET
	author_id = EXCLUDED.author_id,
	title = EXCLUDED.title,
	subtitle = EXCLUDED.subtitle,
	summary = EXCLUDED.summary,
	cover_url = EXCLUDED.cover_url,
	genre = EXCLUDED.genre,
	language_code = EXCLUDED.language_code,
	status = EXCLUDED.status,
	visibility = EXCLUDED.visibility,
	published_at = EXCLUDED.published_at,
	reading_count = EXCLUDED.reading_count,
	average_rating = EXCLUDED.average_rating,
	external_source = NULL,
	external_id = NULL,
	external_authors = '[]'::jsonb,
	external_subjects = '[]'::jsonb,
	external_languages = EXCLUDED.external_languages,
	source_url = NULL,
	read_url = NULL,
	download_count = NULL,
	formats_json = '{}'::jsonb,
	updated_at = EXCLUDED.updated_at;

INSERT INTO chapters (id_chapter, book_id, title, content, chapter_order, word_count, created_at, updated_at)
VALUES
	(
		'30000000-0000-4000-8000-000000000001',
		'20000000-0000-4000-8000-000000000001',
		'La carte mouillee',
		'La pluie avait efface les routes, mais pas les promesses. Maelle posa la main sur la carte et la brume repondit comme une encre vivante. Les montagnes disparurent, les rivieres changerent de lit, et une ville minuscule apparut au bord du papier, la ou son pere avait trace un simple point rouge. Elle comprit alors que Cendrelune ne voulait pas etre trouvee par les voyageurs. Elle choisissait seulement les gens assez perdus pour avoir encore besoin d une direction.',
		1,
		81,
		now() - interval '47 days',
		now() - interval '18 days'
	),
	(
		'30000000-0000-4000-8000-000000000002',
		'20000000-0000-4000-8000-000000000001',
		'La ville sous le verre',
		'Sous la colline, les lampes flottaient comme des lunes minuscules. Aucun habitant ne semblait vieillir, aucun enfant ne pleurait, et toutes les horloges indiquaient une heure differente. Maelle suivit un passeur aux yeux d argent jusqu a une place couverte d eau claire. Sous la surface, des maisons entieres tremblaient, prisonnieres d une ancienne tempete. Le passeur lui demanda une histoire vraie pour ouvrir la porte. Maelle pensa a son pere, a son silence, et sut qu elle devrait payer avec un souvenir.',
		2,
		91,
		now() - interval '46 days',
		now() - interval '18 days'
	),
	(
		'30000000-0000-4000-8000-000000000003',
		'20000000-0000-4000-8000-000000000001',
		'Le serment des passeurs',
		'Les passeurs n avaient ni roi ni temple, seulement une table de pierre ou chacun deposait ce qu il acceptait de perdre. Maelle y posa la boussole de son pere. L aiguille tourna si vite qu elle devint un cercle de lumiere. Derriere elle, la brume s ouvrit sur une route inconnue, et une voix murmura son nom. Elle aurait pu fuir. Elle aurait pu reprendre la boussole. Mais pour la premiere fois, la carte ne lui disait pas ou aller. Elle lui demandait ce qu elle voulait sauver.',
		3,
		92,
		now() - interval '45 days',
		now() - interval '17 days'
	),
	(
		'30000000-0000-4000-8000-000000000004',
		'20000000-0000-4000-8000-000000000002',
		'Rideau noir',
		'Le theatre sentait la poussiere chaude et les roses fanees. Au centre de la scene, un violon jouait sans musicien, et chaque note faisait tomber un morceau de peinture du plafond. Salome entra par la porte des artistes avec la cle volee au gardien. Elle cherchait une partition disparue, pas un fantome. Pourtant, quand les fauteuils rouges se tournerent lentement vers elle, elle salua par reflexe. Dans les loges, quelqu un applaudit trois fois, exactement comme dans le reve de sa mere.',
		1,
		84,
		now() - interval '39 days',
		now() - interval '11 days'
	),
	(
		'30000000-0000-4000-8000-000000000005',
		'20000000-0000-4000-8000-000000000002',
		'La note qui revient',
		'Chaque spectateur entendait une melodie differente, mais tous pleuraient au meme moment. Salome comprit que l orchestre ne jouait pas de la musique. Il accordait les souvenirs. Dans la fosse, les instruments reposaient sur des chaises vides, couverts de poussiere, sauf un piano dont les touches s enfoncaient seules. La partition posee dessus portait son nom en lettres fraiches. Elle tourna la premiere page et retrouva une scene oubliee de son enfance, plus nette que la lumiere du matin.',
		2,
		83,
		now() - interval '38 days',
		now() - interval '11 days'
	),
	(
		'30000000-0000-4000-8000-000000000006',
		'20000000-0000-4000-8000-000000000003',
		'Quai 17',
		'A minuit dix-sept, le train entra sans bruit. Les panneaux annoncerent une destination impossible, puis s eteignirent tous ensemble. Malik connaissait chaque ligne de la gare, chaque retard, chaque voyageur habituel. Ce train n appartenait a aucune compagnie. Ses vitres etaient noires, son conducteur invisible, et une odeur de pluie froide s echappait des wagons. Quand les portes s ouvrirent, une femme descendit avec un billet date du lendemain. Elle lui tendit son badge d agent et murmura qu il avait deja rate ce train une fois.',
		1,
		94,
		now() - interval '34 days',
		now() - interval '8 days'
	),
	(
		'30000000-0000-4000-8000-000000000007',
		'20000000-0000-4000-8000-000000000003',
		'Le controleur',
		'Le controleur connaissait le nom des morts et poinconnait les billets avec une aiguille d argent. Malik le suivit entre deux wagons ou le paysage changeait a chaque fenetre. Une plage de nuit. Un hopital vide. La chambre de son frere, telle qu elle etait avant l incendie. Le controleur ne souriait jamais, mais ses gants blancs tremblaient quand il approcha du dernier compartiment. A l interieur, quelqu un frappait doucement contre la vitre, de l autre cote du reflet.',
		2,
		79,
		now() - interval '33 days',
		now() - interval '8 days'
	),
	(
		'30000000-0000-4000-8000-000000000008',
		'20000000-0000-4000-8000-000000000004',
		'Brouillon vivant',
		'Le jardin changeait les phrases avant meme qu Alice ne les pense. Elle ecrivait une scene de pardon, et les rosiers y ajoutaient une trahison. Elle supprimait un souvenir, et la terre le recrachait sous forme de graine noire. Le roman refusait d avancer tant qu elle mentait sur son propre chagrin. Dans la serre, un banc portait encore le nom de sa soeur. Alice ouvrit son carnet, respira, et laissa pour la premiere fois la phrase commencer sans elle.',
		1,
		75,
		now() - interval '11 days',
		now()
	),
	(
		'30000000-0000-4000-8000-000000000009',
		'20000000-0000-4000-8000-000000000005',
		'Zone blanche',
		'Les radios se turent ensemble. A partir de la borne rouge, chaque parole demandait un prix. Ines vit le guide ouvrir la bouche pour prevenir la caravane, puis oublier son propre nom. Personne ne cria. Dans la zone blanche, le silence avait plus d autorite que la peur. Les cartes indiquaient seulement une tache sans contour, mais au loin, des tours de verre pulsaient sous le sable. Ines sortit son carnet et ecrivit une question. Les lettres disparurent aussitot, comme avalees par la page.',
		1,
		84,
		now() - interval '9 days',
		now()
	),
	(
		'30000000-0000-4000-8000-000000000010',
		'20000000-0000-4000-8000-000000000005',
		'La caravane muette',
		'Personne ne parlait dans la caravane, mais les carnets se remplissaient de phrases inconnues. Au matin, chaque voyageur trouvait sous son oreiller un souvenir qui n etait pas le sien. Ines decouvrit ainsi la premiere pluie sur une planete rouge, la naissance d un enfant aux yeux transparents, et la mort d une reine sans royaume. Plus ils avancaient, plus la zone blanche leur pretait des vies entieres. Le probleme, comprit-elle, c est qu elle demanderait bientot a les reprendre.',
		2,
		83,
		now() - interval '8 days',
		now()
	),
	(
		'30000000-0000-4000-8000-000000000011',
		'20000000-0000-4000-8000-000000000006',
		'Les pages lumineuses',
		'La reliure vibra sous les doigts d Iris. Chaque luciole semblait porter le nom d une ville disparue, minuscule et tremblant dans son abdomen dore. L atlas interdit n etait pas imprime a l encre, mais a la memoire. Quand Iris tourna la premiere page, une rue entiere s alluma dans l atelier, avec ses pavillons, ses linges aux fenetres et le parfum d une soupe qu elle n avait jamais goutee. Son maitre lui avait interdit d ouvrir ce livre. Il avait oublie de lui dire qu il l appelait par son prenom.',
		1,
		95,
		now() - interval '13 days',
		now() - interval '2 hours'
	),
	(
		'30000000-0000-4000-8000-000000000012',
		'20000000-0000-4000-8000-000000000006',
		'Le marche des cartes',
		'Au marche du matin, personne ne vendait de fruits. On y echangeait des routes, des raccourcis et des souvenirs de pluie. Iris apporta une page blanche et repartit avec un chemin qui n existait que le jeudi. Un vieil homme lui proposa aussi une impasse menant directement au regret le plus proche. Elle refusa poliment. Puis une fillette sans ombre posa sur son etal une carte de la ville ou la mere d Iris avait disparu. Le prix etait simple: dire a voix haute ce qu elle esperait encore trouver.',
		2,
		91,
		now() - interval '12 days',
		now() - interval '2 hours'
	),
	(
		'30000000-0000-4000-8000-000000000013',
		'20000000-0000-4000-8000-000000000007',
		'Phare allume',
		'Le phare gardait la cote comme une veilleuse geante. Lina entendit une voix dans l ecume avant meme que la lampe s allume. La mer parlait bas, avec l accent des noyades anciennes, et rapportait chaque nuit des histoires que personne n avait ose finir. Son grand-pere disait qu il ne fallait jamais repondre. Mais ce soir-la, la voix connaissait le surnom de sa mere. Lina descendit sur les rochers avec une lanterne, et les vagues s ouvrirent sur un escalier de sel.',
		1,
		88,
		now() - interval '24 days',
		now() - interval '1 day'
	),
	(
		'30000000-0000-4000-8000-000000000014',
		'20000000-0000-4000-8000-000000000007',
		'Le carnet sale',
		'Les pages du carnet etaient collees par le sel, mais une carte respirait encore entre deux lignes. Elle dessinait le rivage a mesure que Lina avancait, ajoutant des grottes, des epaves, des noms rayes. Sur la derniere page, une phrase revenait sans cesse: ne laisse pas la mer s endormir. Lina ne comprenait pas pourquoi cela sonnait comme une menace. Puis la maree se retira d un seul coup, et tout le village entendit le fond de l ocean tousser dans l obscurite.',
		2,
		83,
		now() - interval '23 days',
		now() - interval '1 day'
	),
	(
		'30000000-0000-4000-8000-000000000015',
		'20000000-0000-4000-8000-000000000007',
		'La nuit sans maree',
		'Cette nuit-la, l ocean resta immobile. Les bateaux semblaient suspendus a une pensee, les mouettes refusaient de crier, et les filets remontaient vides de poissons mais pleins de lettres. Lina en ouvrit une au hasard. Elle etait adressee a son pere, ecrite de la main de sa mere disparue quinze ans plus tot. Le papier etait humide, l encre fraiche. Quand elle leva les yeux, une silhouette marchait sur l eau, portant le manteau jaune des gardiens de phare.',
		3,
		84,
		now() - interval '22 days',
		now() - interval '1 day'
	),
	(
		'30000000-0000-4000-8000-000000000016',
		'20000000-0000-4000-8000-000000000008',
		'Verre brise',
		'Le dossier etait clos, mais les fragments continuaient de reflechir des scenes inachevees. Chaque morceau de verre montrait un suspect different, un mobile different, une fin differente. Alice rangea les preuves dans une boite et ecrivit ARCHIVE en lettres rouges. Le mot disparut aussitot. A la place, une empreinte apparut sur le couvercle, humide, recente, impossible. Les vieux manuscrits ne mouraient jamais vraiment. Ils attendaient seulement que leur autrice baisse la garde.',
		1,
		77,
		now() - interval '59 days',
		now() - interval '20 days'
	),
	(
		'30000000-0000-4000-8000-000000000017',
		'20000000-0000-4000-8000-000000000009',
		'Terminus inconnu',
		'Le tram depassa le dernier arret officiel et les neons de Lumen apparurent dans le brouillard. Bruno avait pris ce trajet pour ecrire un papier sur la fermeture des lignes de nuit. Il se retrouva devant une ville brillante, silencieuse, dont chaque facade portait le nom d un journal disparu. Le conducteur ne demanda pas son ticket. Il lui tendit un carnet deja rempli de son ecriture. A la premiere page, une date: demain. A la derniere, la signature d un article qu il n avait pas encore ose publier.',
		1,
		93,
		now() - interval '27 days',
		now() - interval '3 days'
	),
	(
		'30000000-0000-4000-8000-000000000018',
		'20000000-0000-4000-8000-000000000009',
		'Le passager sans ombre',
		'Un homme sans ombre laissa tomber un badge de presse date du lendemain. Bruno le ramassa et reconnut sa propre photo, vieillie de dix ans. Dans le reflet de la vitre, le passager souriait encore alors que son siege etait vide. Le tram ralentit devant une station nommee Verite provisoire. Personne ne descendit. Une annonce gresilla dans les haut-parleurs: les voyageurs qui mentent sur leur destination doivent payer le supplement. Bruno pensa a l enquete qu il avait enterree. Toutes les lumieres s eteignirent.',
		2,
		91,
		now() - interval '26 days',
		now() - interval '3 days'
	),
	(
		'30000000-0000-4000-8000-000000000019',
		'20000000-0000-4000-8000-000000000010',
		'La cle du toit',
		'Nora trouva la cle dans la boite aux lettres de son voisin, accompagnee d une invitation au coucher du soleil. Elle connaissait Malik seulement par les bruits de pas au-dessus de sa chambre et les plantes aromatiques qui tombaient parfois de son balcon. La cle ouvrait une porte qu elle n avait jamais remarquee, au fond du dernier palier. Derriere, une terrasse couverte de basilic dominait toute la ville. Sur une table, deux verres attendaient, et un mot: si tu lis ceci, c est que le toit t a choisie aussi.',
		1,
		95,
		now() - interval '31 days',
		now() - interval '7 days'
	),
	(
		'30000000-0000-4000-8000-000000000020',
		'20000000-0000-4000-8000-000000000010',
		'Terrasse vingt-deux',
		'La terrasse etait couverte de basilic, de coussins rouges et de secrets mal gardes. Chaque voisin y avait laisse quelque chose: un livre, une photo, une excuse, une chanson. Malik expliqua que le toit n apparaissait qu aux habitants qui avaient besoin de parler sans savoir a qui. Nora pretendit ne pas en avoir besoin. Puis elle trouva, coincee sous un pot de menthe, une lettre ecrite par son pere trois ans avant sa mort. Elle s assit. Malik ne posa aucune question. C etait precisement pour cela qu elle resta.',
		2,
		91,
		now() - interval '30 days',
		now() - interval '7 days'
	),
	(
		'30000000-0000-4000-8000-000000000021',
		'20000000-0000-4000-8000-000000000011',
		'Inventaire du ciel',
		'Chaque etoile tombee recevait une etiquette, une couverture et une promesse de retour. Maya travaillait dans le plus petit observatoire de la ville, celui ou les telescopes servaient surtout a retrouver les choses egarees: alliances, chats, regrets, constellations mineures. La nuit ou la premiere etoile frappa le toit, elle crut a un accident. A la troisieme, elle comprit que le ciel fuyait quelqu un. A la septieme, l etoile lui parla avec la voix d une enfant perdue.',
		1,
		85,
		now() - interval '35 days',
		now() - interval '4 days'
	),
	(
		'30000000-0000-4000-8000-000000000022',
		'20000000-0000-4000-8000-000000000011',
		'La constellation pliee',
		'La constellation tenait dans une enveloppe. Quand Maya l ouvrit, la piece devint plus vaste, comme si le plafond avait recule jusqu a la stratosphere. Des points de lumiere formaient une carte mouvante. Au centre, une etoile clignotait plus fort que les autres. Elle portait une etiquette manuscrite: a rendre avant l aube. Maya n avait jamais rendu une etoile de sa vie. Pourtant, dehors, les chiens hurlaient vers un ciel deja troue, et l observatoire commencait a perdre son ombre.',
		2,
		84,
		now() - interval '34 days',
		now() - interval '4 days'
	),
	(
		'30000000-0000-4000-8000-000000000023',
		'20000000-0000-4000-8000-000000000012',
		'Note de depart',
		'Brouillon prive reserve a Maya pour verifier les filtres auteur. Le texte n est pas publie et ne doit jamais apparaitre dans Decouvrir, meme avec une couverture valide.',
		1,
		26,
		now() - interval '8 days',
		now() - interval '1 hour'
	)
ON CONFLICT (id_chapter) DO UPDATE SET
	book_id = EXCLUDED.book_id,
	title = EXCLUDED.title,
	content = EXCLUDED.content,
	chapter_order = EXCLUDED.chapter_order,
	word_count = EXCLUDED.word_count,
	updated_at = EXCLUDED.updated_at;

INSERT INTO reading_progress (
	id_reading_progress, user_id, book_id, current_chapter_id, progress_percentage, started_at, last_read_at, finished_at
)
VALUES
	('70000000-0000-4000-8000-000000000001', '10000000-0000-4000-8000-000000000003', '20000000-0000-4000-8000-000000000001', '30000000-0000-4000-8000-000000000002', 66.00, now() - interval '4 days', now() - interval '1 hour', NULL),
	('70000000-0000-4000-8000-000000000002', '10000000-0000-4000-8000-000000000003', '20000000-0000-4000-8000-000000000002', '30000000-0000-4000-8000-000000000005', 100.00, now() - interval '8 days', now() - interval '3 days', now() - interval '3 days'),
	('70000000-0000-4000-8000-000000000003', '10000000-0000-4000-8000-000000000004', '20000000-0000-4000-8000-000000000003', '30000000-0000-4000-8000-000000000006', 50.00, now() - interval '2 days', now() - interval '30 minutes', NULL),
	('70000000-0000-4000-8000-000000000004', '10000000-0000-4000-8000-000000000003', '20000000-0000-4000-8000-000000000007', '30000000-0000-4000-8000-000000000013', 25.00, now() - interval '1 day', now() - interval '40 minutes', NULL),
	('70000000-0000-4000-8000-000000000005', '10000000-0000-4000-8000-000000000003', '20000000-0000-4000-8000-000000000010', '30000000-0000-4000-8000-000000000020', 82.00, now() - interval '6 days', now() - interval '2 hours', NULL),
	('70000000-0000-4000-8000-000000000006', '10000000-0000-4000-8000-000000000008', '20000000-0000-4000-8000-000000000009', '30000000-0000-4000-8000-000000000017', 44.00, now() - interval '2 days', now() - interval '20 minutes', NULL),
	('70000000-0000-4000-8000-000000000007', '10000000-0000-4000-8000-000000000008', '20000000-0000-4000-8000-000000000011', '30000000-0000-4000-8000-000000000021', 30.00, now() - interval '1 day', now() - interval '1 hour', NULL)
ON CONFLICT (user_id, book_id) DO UPDATE SET
	current_chapter_id = EXCLUDED.current_chapter_id,
	progress_percentage = EXCLUDED.progress_percentage,
	started_at = EXCLUDED.started_at,
	last_read_at = EXCLUDED.last_read_at,
	finished_at = EXCLUDED.finished_at;

INSERT INTO favorites (id_favorite, user_id, book_id, created_at)
VALUES
	('71000000-0000-4000-8000-000000000001', '10000000-0000-4000-8000-000000000003', '20000000-0000-4000-8000-000000000001', now() - interval '3 days'),
	('71000000-0000-4000-8000-000000000002', '10000000-0000-4000-8000-000000000003', '20000000-0000-4000-8000-000000000002', now() - interval '2 days'),
	('71000000-0000-4000-8000-000000000003', '10000000-0000-4000-8000-000000000004', '20000000-0000-4000-8000-000000000001', now() - interval '1 day'),
	('71000000-0000-4000-8000-000000000004', '10000000-0000-4000-8000-000000000003', '20000000-0000-4000-8000-000000000007', now() - interval '1 day'),
	('71000000-0000-4000-8000-000000000005', '10000000-0000-4000-8000-000000000003', '20000000-0000-4000-8000-000000000010', now() - interval '6 days'),
	('71000000-0000-4000-8000-000000000006', '10000000-0000-4000-8000-000000000008', '20000000-0000-4000-8000-000000000009', now() - interval '2 days'),
	('71000000-0000-4000-8000-000000000007', '10000000-0000-4000-8000-000000000008', '20000000-0000-4000-8000-000000000011', now() - interval '1 day')
ON CONFLICT (user_id, book_id) DO NOTHING;

INSERT INTO reviews (id_review, user_id, book_id, rating, comment, created_at, updated_at)
VALUES
	('72000000-0000-4000-8000-000000000001', '10000000-0000-4000-8000-000000000003', '20000000-0000-4000-8000-000000000001', 5, 'Une fantasy tres visuelle, parfaite pour montrer les livres internes Plumora.', now() - interval '10 days', now() - interval '10 days'),
	('72000000-0000-4000-8000-000000000002', '10000000-0000-4000-8000-000000000004', '20000000-0000-4000-8000-000000000001', 4, 'L univers donne envie de continuer et les chapitres sont faciles a tester.', now() - interval '9 days', now() - interval '9 days'),
	('72000000-0000-4000-8000-000000000003', '10000000-0000-4000-8000-000000000003', '20000000-0000-4000-8000-000000000002', 5, 'Tres belle ambiance de theatre et de memoire.', now() - interval '8 days', now() - interval '8 days'),
	('72000000-0000-4000-8000-000000000004', '10000000-0000-4000-8000-000000000008', '20000000-0000-4000-8000-000000000003', 4, 'Bon thriller court avec une accroche efficace.', now() - interval '7 days', now() - interval '7 days'),
	('72000000-0000-4000-8000-000000000005', '10000000-0000-4000-8000-000000000003', '20000000-0000-4000-8000-000000000007', 5, 'La couverture et l ambiance maritime marchent tres bien dans Decouvrir.', now() - interval '20 hours', now() - interval '20 hours'),
	('72000000-0000-4000-8000-000000000006', '10000000-0000-4000-8000-000000000004', '20000000-0000-4000-8000-000000000007', 4, 'Belle atmosphere, quelques transitions peuvent respirer davantage.', now() - interval '18 hours', now() - interval '18 hours'),
	('72000000-0000-4000-8000-000000000007', '10000000-0000-4000-8000-000000000003', '20000000-0000-4000-8000-000000000010', 4, 'Doux, lisible, avec une belle ambiance de voisinage.', now() - interval '5 days', now() - interval '5 days'),
	('72000000-0000-4000-8000-000000000008', '10000000-0000-4000-8000-000000000008', '20000000-0000-4000-8000-000000000009', 4, 'Bon suspense et excellent rythme pour un trajet de nuit.', now() - interval '1 day', now() - interval '1 day'),
	('72000000-0000-4000-8000-000000000009', '10000000-0000-4000-8000-000000000008', '20000000-0000-4000-8000-000000000011', 5, 'Tres bon livre pour les lecteurs qui cherchent une fantasy chaleureuse.', now() - interval '12 hours', now() - interval '12 hours')
ON CONFLICT (id_review) DO UPDATE SET
	user_id = EXCLUDED.user_id,
	book_id = EXCLUDED.book_id,
	rating = EXCLUDED.rating,
	comment = EXCLUDED.comment,
	updated_at = EXCLUDED.updated_at;

UPDATE books b
SET average_rating = COALESCE(r.avg_rating, 0.00)
FROM (
	SELECT book_id, round(avg(rating)::numeric, 2) AS avg_rating
	FROM reviews
	WHERE book_id IN (
		'20000000-0000-4000-8000-000000000001',
		'20000000-0000-4000-8000-000000000002',
		'20000000-0000-4000-8000-000000000003',
		'20000000-0000-4000-8000-000000000007',
		'20000000-0000-4000-8000-000000000009',
		'20000000-0000-4000-8000-000000000010',
		'20000000-0000-4000-8000-000000000011'
	)
	GROUP BY book_id
) r
WHERE b.id_book = r.book_id;
